setup_support_amp,setup_shoulder_amp,access_setup_reset_pos_overlay,access_setup_reset_neg_total,support_setup_reset_neg_total,support_setup_reset_pos_overlay,shoulder_setup_reset_neg_total,shoulder_setup_reset_pos_overlay,support_setup_reset_ratio,shoulder_setup_reset_ratio,support_full_ratio,shoulder_full_ratio,core_full_ratio,access_leakage_fraction_vs_support_setup,ledger_balance_error,passes_setup_reset_ledger,score
0.0,0.0,0.0,0.009467365614867579,0.6599089182007185,0.0,0.7896931504714151,0.0,0.0,0.0,0.11245456847685117,0.014126165358252405,1.0833037855836376,0.0,2.3328,False,-2.3328
0.0,0.001,1.9962943795003608e-10,0.009467365415238141,0.6598781638056106,3.0754395107909854e-05,0.7117231572413842,0.08104088014778485,4.6606171858369835e-05,0.11386573462341248,0.11250238295971986,0.13097580428973063,1.0833037855863565,6.491086468880067e-06,2.0997147515756795,False,-2.099777733748617
0.0,0.002,3.9925887590007216e-10,0.009467365215608703,0.6598474094105027,6.150879021581971e-05,0.6697495300812117,0.1620817602955697,9.321668818972951e-05,0.24200354463244778,0.11255020155299575,0.2618960672449818,1.083303785589076,6.491086468985598e-06,1.8684367198514433,False,-1.8685497020243813
0.0,0.003,5.988883138501082e-10,0.009467365015979265,0.6598166550153948,9.226318532372954e-05,0.6412101209204883,0.24312264044335455,0.00013983154960157338,0.3791622005191368,0.11259802425720888,0.40184959438050527,1.0833037855917946,6.491086469020777e-06,1.6572716045869018,False,-1.65743458675984
0.0,0.004,7.985177518001443e-10,0.009467364816349825,0.6597859006202869,0.00012301758043163942,0.6186568126081894,0.3241635205911394,0.00018645075670150918,0.5239795537440233,0.11264585107288944,0.5495830904152021,1.0833037855945138,6.491086469038365e-06,1.475156037784105,False,-1.475369019957043
0.0,0.005,9.981471897501805e-10,0.009467364616720389,0.659755146225179,0.00015377197553954924,0.599729524154466,0.4052044007389243,0.00023307431009725777,0.6756452440960025,0.11269368200056765,0.7043138434066055,1.0833037855972327,6.49108646904892e-06,1.3293993824360055,False,-1.3296623646089436
0.0,0.006,1.1977766277002165e-09,0.009467364417090951,0.659724391830071,0.00018452637064745908,0.5832994751699696,0.4862452808867091,0.0002797022103966535,0.8336117236262207,0.11274151704077381,0.8655052884317723,1.0833037855999517,6.4910864690559545e-06,1.2265031041933119,False,-1.22681608636625
0.0,0.007,1.3974060656502527e-09,0.009467364217461511,0.6596936374349631,0.00021528076575536896,0.5687181257644229,0.5672861610344938,0.000326334458207644,0.9974821187068631,0.11278935619403842,1.0327661357015872,1.0833037856026708,6.491086469060979e-06,1.1725044247975585,False,-1.1728674069704967
0.0,0.008,1.5970355036002886e-09,0.009467364017832073,0.6596628830398552,0.00024603516086327883,0.5555771917958714,0.6483270411822788,0.00037297105413829025,1.16694322725272,0.11283719946089187,1.2057860201116788,1.08330378560539,6.491086469064747e-06,1.173153646395587,False,-1.1735666285685251
0.0,0.009000000000000001,1.796664941550325e-09,0.009467363818202637,0.6596321286447473,0.0002767895559711887,0.5435990265965919,0.7293679213300637,0.00041961199879676656,1.341738828887438,0.11288504684186483,1.3843102801514875,1.083303785608109,6.491086469067679e-06,1.2340010287041963,False,-1.2344640108771345
0.0,0.01,1.996294379500361e-09,0.009467363618573199,0.6596013742496394,0.00030754395107909847,0.5325794877127557,0.8104088014778486,0.00046625729279136074,1.5216673194798995,0.112932898337488,1.5681388756390198,1.083303785610828,6.491086469070025e-06,1.3604631227399935,False,-1.3609761049129316
0.0,0.011,2.1959238174503966e-09,0.00946736341894376,0.6595706198545315,0.0003382983461870083,0.5223668014778725,0.8914496816256333,0.0005129069367304742,1.7065588377813352,0.11298075394829213,1.757103182104065,1.083303785613547,6.491086469071942e-06,1.5578683612920856,False,-1.5584313434650239
0.0,0.012,2.395553255400433e-09,0.00946736321931432,0.6595398654594236,0.00036905274129491817,0.5128533527469316,0.9724905617734182,0.0005595609312226215,1.896235164622768,0.11302861367480813,1.9510245201384475,1.0833037856162662,6.491086469073542e-06,1.8314315054637524,False,-1.8320444876366906
0.0,0.013000000000000001,2.5951826933504693e-09,0.009467363019684883,0.6595091110643156,0.0003998071364028281,0.503937624497122,1.053531441921203,0.0006062192768764314,2.09059889698158,0.11307647751756691,2.14980784441674,1.0833037856189853,6.491086469074894e-06,2.1864010644441447,False,-2.1870640466170825
0.0,0.014,2.7948121313005053e-09,0.009467362820055447,0.6594783566692077,0.0004305615315107379,0.49555578887086515,1.1345723220689876,0.000652881974300645,2.2894946392496665,0.11312434547709962,2.3532966422524377,1.0833037856217043,6.491086469076055e-06,2.6278674835640636,False,-2.6285804657370018
0.005,0.0,0.012172365570385995,0.006659923607453773,0.5111640730891683,0.4025498402193196,0.7896904416369976,2.70883441742769e-06,0.7875159100805923,3.430248455093844e-06,0.8521548769662611,0.014129683035019202,1.0833343684560408,0.03023815774899859,1.2519395335310881,False,-1.3126658490290855
0.005,0.001,0.012172365770015433,0.006659923589043883,0.5111590180813155,0.4025805946144275,0.7117212521844463,0.08104358898220226,0.7875838640694469,0.11386984543943235,0.8522167349378879,0.13098001263459838,1.08333436845876,0.030235848257101197,1.0189146721037823,False,-1.0796863686179847
0.005,0.002,0.012172365969644869,0.006659923570633993,0.5111539630734625,0.40261134900953544,0.6697484285960624,0.1620844691299871,0.7876518194023505,0.2420079871926702,0.8522785940128488,0.2619006017527379,1.083334368461479,0.030233539118035516,0.7876980722276361,False,-0.8485151504637071
0.005,0.003,0.012172366169274307,0.006659923552224103,0.5111489080656095,0.40264210340464335,0.6412092892047281,0.24312534927777196,0.7877197760793428,0.37916691690370297,0.8523404541911732,0.40185440583844023,1.0833343684641983,0.0302312303317207,0.5765947396573708,False,-0.6374572003208122
0.005,0.004,0.012172366368903745,0.006659923533814212,0.5111438530577567,0.40267285779975126,0.6186561301206991,0.32416622942555684,0.7877877341004637,0.523984510364929,0.8524023154728909,0.5495881467817115,1.0833343684669172,0.030228921898075925,0.3945412330562692,False,-0.45544907685242103
0.005,0.005,0.012172366568533183,0.0066599235154043215,0.5111387980499037,0.4027036121948592,0.5997289400257106,0.40520710957334166,0.787855693465753,0.675650418930875,0.8524641778580316,0.7043191231785056,1.0833343684696364,0.030226613817020395,0.2488468795511531,False,-0.30980010718519385
0.005,0.006,0.012172366768162622,0.0066599234969944325,0.5111337430420508,0.4027343665899671,0.583298958427134,0.4862479897211265,0.7879236541752507,0.8336171061102075,0.8525260413466248,0.8655107815516935,1.0833343684723558,0.03022430608847333,0.14601312219184742,False,-0.20701173436879408
0.005,0.007,0.01217236696779206,0.006659923478584541,0.5111286880341979,0.402765120985075,0.5687176665032718,0.5672888698689114,0.7879916162289967,0.9974876872681899,0.8525879059386995,1.0327718201916851,1.0833343684750747,0.030221998712353978,0.09207717794490562,False,-0.15312117536961356
0.005,0.008,0.012172367167421498,0.006659923460174651,0.5111236330263449,0.4027958753801829,0.5555767707580517,0.6483297500166961,0.7880595796270308,1.1669489873237273,0.8526497716342856,1.205791902232913,1.0833343684777939,0.030219691688581612,0.0927893354441677,False,-0.15387871882133095
0.005,0.009000000000000001,0.012172367367050935,0.00665992344176476,0.511118578018492,0.4028266297752908,0.5435986420236387,0.7293706301644811,0.7881275443693928,1.3417447612622304,0.8527116384334128,1.3843163401587808,1.0833343684805132,0.03021738501707553,0.15369985040406275,False,-0.21483462043821383
0.005,0.01,0.012172367566680373,0.00665992342335487,0.5111135230106391,0.40285738417039874,0.5325791328547027,0.8104115103122659,0.7881955104561229,1.5216734196256227,0.8527735063361105,1.568145109128866,1.0833343684832322,0.03021507869775506,0.2802252697217541,False,-0.3414054271172642
0.005,0.011,0.01217236776630981,0.0066599234049449785,0.5111084680027861,0.4028881385655066,0.5223664702607198,0.8914523904600506,0.7882634778872606,1.7065651055572415,0.852835375342408,1.7571095892156372,1.083334368485951,0.030212772730539558,0.47769402983639403,False,-0.5389195752974731
0.005,0.012,0.012172367965939249,0.006659923386535089,0.5111034129949332,0.40291889296061456,0.5128530444736114,0.9724932706078355,0.788331446662846,1.8962415863319944,0.8528972454523353,1.9510310867771279,1.0833343684886703,0.030210467115348374,0.7513208722635587,False,-0.8125918064942554
0.005,0.013000000000000001,0.012172368165568687,0.0066599233681251995,0.5110983579870803,0.4029496473557225,0.5039373338130424,1.0535341507556204,0.7883994167829191,2.0906054782328805,0.8529591166659215,2.1498145766709786,1.0833343684913896,0.030208161852100925,1.1063543327668506,False,-1.1676706564710524
0.005,0.014,0.012172368365198126,0.006659923349715308,0.5110933029792273,0.4029804017508304,0.4955555153569205,1.134575030903405,0.7884673882475197,2.2895013691578687,0.8530209889831962,2.3533035289244286,1.0833343684941086,0.03020585694071663,1.5478848257099813,False,-1.6092465395914146
0.01,0.0,0.02434473114077199,0.0058161292781165885,0.45993069231971456,0.8050996804386392,0.7896877328025803,5.41766883485538e-06,1.7504804395158378,6.860520443477339e-06,1.7175922500876568,0.014133200736189431,1.0833614027530978,0.03023815774899863,1.6159292010962598,False,-1.676905516594257
0.01,0.001,0.024344731340401424,0.005816129267529266,0.45992757692630426,0.8051304348337472,0.7117193471275083,0.0810462978166197,1.7505591645850673,0.11387395627745907,1.7176622780959243,0.13098422100227539,1.0833614027551932,0.030237002958940905,1.3830491255679924,False,-1.4440731314858744
0.01,0.002,0.024344731540030865,0.005816129256941943,0.459924461532894,0.805161189228855,0.6697473271109132,0.16208717796440453,1.7506378907208173,0.2420124297675053,1.7177323069504686,0.26190513627560646,1.0833614027572884,0.030235848257101235,1.151978348334627,False,-1.2130500448488295
0.01,0.003,0.0243447317396603,0.005816129246354621,0.45992134613948366,0.805191943623963,0.6412084574889679,0.2431280581121894,1.7507166179231108,0.3791716333005044,1.7178023366513067,0.4018592173090297,1.0833614027593839,0.030234693643469483,0.9410211811288989,False,-1.002140568415838
0.01,0.004,0.024344731939289738,0.005816129235767299,0.4599182307460734,0.8052226980190709,0.618655447633209,0.3241689382599742,1.7507953461919683,0.5239894669967706,1.7178723671984535,0.5495932031595369,1.0833614027614793,0.03023353911803555,0.7591141092833378,False,-0.8202811875194089
0.01,0.005,0.024344732138919176,0.005816129225179977,0.45991511535266316,0.8052534524141788,0.5997283558969553,0.40520981840775905,1.7508740755274117,0.675655593775828,1.7179423985919242,0.7043244029608428,1.0833614027635745,0.03023238468078934,0.6135664240595375,False,-0.6747811934211162
0.01,0.006,0.024344732338548614,0.005816129214592654,0.4599119999592528,0.8052842068092867,0.5832984416842983,0.4862506985555439,1.7509528059294635,0.8336224886037311,1.7180124308317342,0.8655162746814958,1.08336140276567,0.03023123033172074,0.5108795459064388,False,-0.5721420065698803
0.01,0.007,0.02434473253817805,0.0058161292040053315,0.45990888456584256,0.8053149612043946,0.5687172072421205,0.5672915787033288,1.751031537398144,0.9974932558385107,1.7180824639178987,1.032777504691107,1.0833614027677654,0.030230076070819647,0.45709068701504607,False,-0.5184008391566853
0.01,0.008,0.02434473273780749,0.00581612919341801,0.4599057691724322,0.8053457155995025,0.5555763497202322,0.6483324588511137,1.7511102699334762,1.1669547474034647,1.718152497850433,1.205797784363206,1.0833614027698606,0.030228921898075963,0.4579501225061835,True,-0.5193079663023354
0.01,0.009000000000000001,0.024344732937436928,0.005816129182830687,0.45990265377902195,0.8053764699946104,0.5435982574506854,0.7293733389988984,1.751189003535481,1.341750693645417,1.7182225326293528,1.3843224001747891,1.0833614027719563,0.030227767813479592,0.5190081040908087,True,-0.5804136397177678
0.01,0.01,0.024344733137066366,0.005816129172243365,0.45989953838561165,0.8054072243897183,0.5325787779966495,0.8104142191466833,1.7512677382041801,1.521679519779476,1.7182925682546732,1.5681513426271587,1.0833614027740515,0.03022661381702043,0.645681174546384,True,-0.7071344021804248
0.01,0.011,0.024344733336695804,0.0058161291616560425,0.45989642299220135,0.8054379787848263,0.5223661390435672,0.891455099294468,1.7513464739395954,1.7065713733410957,1.718362604726409,1.7571159963354728,1.083361402776147,0.030225459908688388,0.8432977739616744,True,-0.9047986937790512
0.01,0.012,0.024344733536325245,0.00581612915106872,0.45989330759879105,0.8054687331799342,0.5128527362002913,0.972495979442253,1.7514252107417485,1.8962480080489406,1.7184326420445764,1.95103765342384,1.0833614027782423,0.030224306088473367,1.1170726242634645,True,-1.1786212364404114
0.01,0.013000000000000001,0.02434473373595468,0.005816129140481398,0.45989019220538074,0.8054994875750421,0.5039370431289627,1.0535368595900376,1.7515039486106614,2.090612059491774,1.7185026802091912,2.14982130893312,1.0833614027803373,0.030223152356365267,1.472254287789914,True,-1.5338505925026447
0.01,0.014,0.02434473393558412,0.005816129129894076,0.4598870768119705,0.80553024197015,0.49555524184297584,1.1345777397378227,1.751582687546355,2.2895080990735006,1.718572719220267,2.353310415604158,1.083361402782433,0.030221998712354016,1.9139331479363777,True,-1.9755771453610858
0.015,0.0,0.03651709671115798,0.005277924231252859,0.4251374681612313,1.207649520657959,0.7896850239681629,8.126503252283069e-06,2.8406094759918004,1.0290815965392663e-05,2.6791462976651967,0.014136718461763337,1.0833836444316456,0.030238157748998632,4.266123498895538,False,-4.327349814393535
0.015,0.001,0.036517096910787424,0.005277924223889515,0.42513518658735217,1.2076802750530669,0.7117174420705705,0.08104900665103712,2.840697060968683,0.11387806713749271,2.679222977343009,0.1309884293927618,1.0833836444335367,0.030237387879157657,4.033445729661745,False,-4.09472050542006
0.015,0.002,0.036517097110416855,0.005277924216526171,0.42513290501347306,1.2077110294481748,0.6697462256257639,0.16208988679882197,2.8407846468856555,0.24201687235695327,2.679299657748572,0.2619096708135876,1.0833836444354281,0.030236618048526186,3.8025782949226654,False,-3.863901531019718
0.015,0.003,0.03651709731004629,0.0052779242091628275,0.42513062343959396,1.2077417838432827,0.6412076257732076,0.24313076694660682,2.840872233742733,0.3791763497095413,2.679376338881896,0.4018640287922737,1.0833836444373195,0.03023584825710124,3.5918248123725647,False,-3.6531965088867673
0.015,0.004,0.03651709750967573,0.005277924201799483,0.4251283418657148,1.2077725382383904,0.6186547651457188,0.32417164709439167,2.84095982153993,0.5239944236395484,2.6794530207429923,0.5495982595486786,1.0833836444392106,0.03023507850487982,3.41012169402186,False,-3.4715418510316196
0.015,0.005,0.03651709770930517,0.00527792419443614,0.42512606029183564,1.2078032926334983,0.5997277717681998,0.4052125272421765,2.8410474102772634,0.6756607686308616,2.6795297033318697,0.7043296827536173,1.083383644441102,0.030234308791858924,3.2647781952684416,False,-3.326246812852159
0.015,0.006,0.036517097908934606,0.005277924187072796,0.4251237787179565,1.2078340470286064,0.5832979249414627,0.48625340738996137,2.841134999954748,0.8336278711067914,2.679606386648542,0.8655217678211787,1.0833836444429934,0.030233539118035557,3.162295713960982,False,-3.2238127921970534
0.015,0.007,0.036517098108564044,0.005277924179709451,0.4251214971440773,1.2078648014237143,0.5687167479809693,0.5672942875377462,2.841222590572398,0.9974988244178249,2.6796830706930153,1.032783189199853,1.0833836444448846,0.030232769483406738,3.1087114575149886,False,-3.1702769964818023
0.015,0.008,0.03651709830819348,0.005277924172346107,0.42511921557019816,1.207895555818822,0.5555759286824127,0.648335167685531,2.8413101821302273,1.1669605074919323,2.6797597554653017,1.2058036665025564,1.0833836444467757,0.03023199988796947,3.109775687538869,True,-3.1713896873148077
0.015,0.009000000000000001,0.03651709850782292,0.005277924164982763,0.42511693399631906,1.2079263102139302,0.543597872877732,0.729376047833316,2.841397774628254,1.3417566260369982,2.679836440965413,1.3843284601995118,1.083383644448667,0.030231230331720746,3.1710386517396385,True,-3.23270111240308
0.015,0.01,0.036517098707452365,0.005277924157619419,0.42511465242243984,1.2079570646090378,0.5325784231385965,0.8104169279811007,2.8414853680664915,1.5216856199414577,2.6799131271933576,1.5681575761338962,1.083383644450558,0.030230460814657596,3.2979168887754127,True,-3.359627810404728
0.015,0.011,0.0365170989070818,0.005277924150256075,0.42511237084856074,1.207987819004146,0.5223658078264146,0.8914578081288855,2.841572962444955,1.7065776411328988,2.679989814149147,1.757122403463572,1.0833836444524496,0.030229691336776995,3.4957388423847626,True,-3.5574982250583167
0.015,0.012,0.036517099106711234,0.005277924142892732,0.4251100892746816,1.208018573399254,0.5128524279269712,0.9724986882766704,2.84166055776366,1.8962544297736068,2.6800665018327914,1.9510442200785838,1.0833836444543408,0.03022892189807597,3.7697192149052063,True,-3.8315270587013583
0.015,0.013000000000000001,0.03651709930634067,0.005277924135529387,0.42510780770080236,1.2080493277943618,0.5039367524448829,1.0535395684244553,2.841748154022622,2.0906186407582608,2.6801431902443,2.149828041203167,1.0833836444562321,0.030228152498551535,4.125106595250191,True,-4.186962900247295
0.015,0.014,0.03651709950597011,0.005277924128166043,0.4251055261269233,1.2080800821894697,0.4955549683290313,1.13458044857224,2.8418357512218546,2.28951482899656,2.6802198793836842,2.353317302291626,1.0833836444581235,0.030227383138200687,4.566991335846054,True,-4.6288961021224555
0.02,0.0,0.04868946228154398,0.004887052893760024,0.39853804835709195,1.6101993608772784,0.7896823151337454,1.083533766971076e-05,4.040265082631529,1.3721135021081998e-05,3.7223371310464883,0.014140236211741188,1.0834042627046174,0.030238157748998646,9.929539721984076,False,-9.991016037482073
0.02,0.001,0.048689462481173416,0.004887052888111585,0.3985362489272408,1.6102301152723864,0.7117155370136327,0.08105171548545456,4.040360493196582,0.11388217801953357,3.7224195900651575,0.13099263780605797,1.083404262706402,0.0302375803429419,9.69711789562739,False,-9.758643056313273
0.02,0.002,0.04868946268080285,0.004887052882463148,0.39853444949738975,1.6102608696674945,0.6697451241406147,0.1620925956332394,4.040455904623214,0.24202131496101406,3.7225020497371912,0.26191420536668153,1.0834042627081868,0.030237002958940922,9.466507439798121,False,-9.528081445716003
0.02,0.003,0.048689462880432285,0.0048870528768147105,0.3985326500675387,1.6102916240626022,0.6412067940574473,0.24313347578102423,4.040551316911436,0.37918106613081354,3.722584510062596,0.4018688402881725,1.0834042627099716,0.030236425596994465,9.256011278135583,False,-9.317634129329573
0.02,0.004,0.04868946308006173,0.004887052871166273,0.3985308506376877,1.61032237845771,0.6186540826582285,0.32417435592880905,4.040646730061263,0.5239993802932625,3.7226669710413804,0.5496033159491365,1.0834042627117562,0.030235848257101253,9.074565749336722,False,-9.136237445850925
0.02,0.005,0.04868946327969116,0.004887052865517834,0.39852905120783655,1.610353132852818,0.5997271876394445,0.40521523607659393,4.040742144072704,0.6756659434959755,3.7227494326735524,0.7043349625568288,1.083404262713541,0.030235270939260015,8.929480072937231,False,-8.991200614815751
0.02,0.006,0.0486894634793206,0.0048870528598693955,0.39852725177798554,1.610383887247926,0.5832974081986271,0.4862561162243788,4.040837558945771,0.8336332536193883,3.72283189495912,0.8655272609707426,1.0834042627153257,0.030234693643469496,8.82725562418612,False,-8.889025011473061
0.02,0.007,0.04868946367895004,0.004887052854220959,0.3985254523481344,1.6104146416430338,0.568716288719818,0.5672969963721636,4.040932974680477,0.9975043930061326,3.72291435789809,1.0327888737179234,1.0834042627171105,0.030234116369728437,8.773929605723467,False,-8.835747838462924
0.02,0.008,0.048689463878579475,0.004887052848572521,0.3985236529182833,1.6104453960381417,0.5555755076445932,0.6483378765199485,4.041028391276834,1.1669662675891304,3.7229968214904714,1.2058095486509652,1.083404262718895,0.030233539118035568,8.77525226564586,True,-8.83711934388193
0.02,0.009000000000000001,0.04868946407820892,0.004887052842924082,0.3985218534884323,1.6104761504332497,0.5435974883047787,0.7293787566677333,4.04112380873485,1.3417625584369723,3.7230792857362704,1.3843345202329491,1.08340426272068,0.030232961888389632,8.836773847655856,True,-8.898689771432634
0.02,0.01,0.04868946427783835,0.004887052837275645,0.39852005405858126,1.6105069048283576,0.5325780682805433,0.8104196368155181,4.04121922705454,1.521691720111569,3.7231617506354966,1.5681638096490793,1.0834042627224645,0.030232384680789356,8.963910886292606,True,-9.025875655654184
0.02,0.011,0.0486894644774678,0.0048870528316272074,0.39851825462873014,1.6105376592234655,0.522365476609262,0.8914605169633029,4.041314646235916,1.70658390893265,3.7232442161881556,1.7571288105999343,1.0834042627242493,0.030231807495233493,9.161991828944668,True,-9.224005443935136
0.02,0.012,0.04868946467709723,0.004887052825978769,0.39851645519887907,1.6105684136185734,0.5128521196536511,0.9725013971110879,4.0414100662789885,1.8962608515059933,3.723326682394257,1.9510507867413585,1.083404262726034,0.030231230331720753,9.436231358359812,True,-9.498293819023253
0.02,0.013000000000000001,0.048689464876726665,0.004887052820330332,0.398514655769028,1.6105991680136815,0.5039364617608032,1.0535422772588727,4.041505487183769,2.0906252220323394,3.7234091492538086,2.1498347734811167,1.0834042627278189,0.0302306531902499,9.791878090027485,True,-9.853989396407984
0.02,0.014,0.0486894650763561,0.004887052814681894,0.39851285633917694,1.6106299224087892,0.4955546948150866,1.1345831574066576,4.041600908950269,2.2895215589270492,3.7234916167668164,2.353324188986833,1.0834042627296034,0.030230076070819664,10.234022345404377,True,-10.296182497546015
0.025,0.0,0.06086182785192998,0.004584357885116588,0.37701561620648044,2.0127492010965984,0.7896796062993281,1.3544172087138448e-05,5.338636158758658,1.7151477610787524e-05,4.837871311773206,0.014143753986123227,1.0834239564749297,0.030238157748998653,19.302344885789232,False,-19.364071201287228
0.025,0.001,0.060861828051559416,0.004584357880663816,0.37701411206158697,2.0127799554917063,0.7117136319566948,0.08105442431987199,5.338739031505813,0.11388628892358175,4.837959209996345,0.1309968462421639,1.0834239564766488,0.030237695822388753,19.07023384120092,False,-19.1320092328457
0.025,0.002,0.060861828251188854,0.0045843578762110445,0.37701260791669367,2.0128107098868138,0.6697440226554654,0.16209530446765683,5.338841905073816,0.24202575757968778,4.8380471088306125,0.26191873993488807,1.083423956478368,0.03023723390989472,18.83993520337267,False,-18.90175967119246
0.025,0.003,0.060861828450818285,0.004584357871758273,0.3770111037718002,2.012841464281922,0.641205962341687,0.2431361846154417,5.338944779462683,0.3791857825643213,4.838135008276016,0.401873651796726,1.083423956480087,0.030236772011515877,18.62975120187243,False,-18.691624745895464
0.025,0.004,0.06086182865044773,0.0045843578673055016,0.3770095996269067,2.01287221867703,0.6186534001707382,0.3241770647632265,5.339047654672421,0.5240043369579128,4.8382229083325585,0.5496083723609108,1.0834239564818064,0.03023631012725161,18.44861810209226,False,-18.510540722346764
0.025,0.005,0.06086182885007717,0.004584357862852729,0.3770080954820133,2.012902973072138,0.5997266035106892,0.4052179449110114,5.339150530703037,0.6756711183711701,4.83831080900025,0.7043402423704774,1.0834239564835257,0.030235848257101256,18.303845087707185,False,-18.365816784221387
0.025,0.006,0.060861829049706606,0.004584357858399959,0.3770065913371199,2.012933727467246,0.5832968914557914,0.4862588250587962,5.339253407554543,0.833638636141522,4.838398710279094,0.8655327541301873,1.0834239564852446,0.03023538640106417,18.201933511367194,False,-18.263954284169323
0.025,0.007,0.06086182924933604,0.004584357853947187,0.37700508719222653,2.0129644818623538,0.5687158294586669,0.5672997052065811,5.339356285226948,0.9975099616034343,4.838486612169098,1.0327945582453182,1.083423956486964,0.030234924559139703,18.148920570936973,False,-18.210990420055253
0.025,0.008,0.06086182944896548,0.004584357849494415,0.37700358304733306,2.0129952362574617,0.5555750866067737,0.6483405853543659,5.339459163720265,1.166972027695059,4.8385745146702694,1.205815430808432,1.0834239564886834,0.030234462731327218,18.150556501001926,True,-18.212675426464582
0.025,0.009000000000000001,0.06086182964859492,0.004584357845041643,0.37700207890243964,2.0130259906525696,0.5435971037318253,0.7293814655021508,5.339562043034499,1.3417684908453407,4.838662417782613,1.384340580275101,1.0834239564904022,0.03023400091762606,18.212391541259688,True,-18.274559543094938
0.025,0.01,0.06086182984822436,0.004584357840588872,0.37700057475754634,2.013056745047677,0.5325777134224905,0.8104223456499356,5.339664923169661,1.5216978202898086,4.838750321506134,1.5681700431727086,1.0834239564921218,0.030233539118035585,18.33984222213076,True,-18.402059300366833
0.025,0.011,0.060861830047853796,0.0045843578361360994,0.37699907061265286,2.0130874994427854,0.5223651453921093,0.8914632257977204,5.339767804125766,1.7065901767403504,4.838838225840843,1.7571352177445607,1.0834239564938408,0.030233077332555133,18.538236994653953,True,-18.600503149319064
0.025,0.012,0.06086183024748323,0.004584357831683329,0.37699756646775945,2.0131182538378933,0.512851811380331,0.9725041059455053,5.339870685902818,1.8962672732461,4.838926130786744,1.9510573534121645,1.08342395649556,0.030232615561184072,18.81279052198677,True,-18.87510575310914
0.025,0.013000000000000001,0.06086183044711267,0.004584357827230557,0.376996062322866,2.0131490082330012,0.5039361710767235,1.0535449860932902,5.33997356850083,2.0906318033140106,4.839014036343843,2.1498415057669704,1.0834239564972792,0.03023215380392176,19.168751446195426,True,-19.23111575380327
0.025,0.014,0.06086183064674211,0.004584357822777785,0.37699455817797256,2.013179762628109,0.495554421301142,1.1345858662410748,5.340076451919809,2.289528288864967,4.839101942512146,2.3533310756897774,1.0834239564989983,0.030231692060767538,19.611210057766282,True,-19.67362344188782
0.03,0.0,0.07303419342231596,0.0043400986503576,0.3589867855256474,2.415299041315918,0.7896768974649105,1.6253006504566137e-05,6.728100138224595,2.058184373475143e-05,6.019047539736463,0.01414727178490971,1.0834430296926991,0.03023815774899865,33.06739071505383,False,-33.12936703055183
0.03,0.001,0.0730341936219454,0.004340098646712307,0.358985516628163,2.4153297957110254,0.7117117268997568,0.08105713315428939,6.728209590173566,0.11389039984963746,6.019140129439938,0.1310010547010798,1.0834430296943727,0.030237772809176788,32.83563933403133,False,-32.89766487964968
0.03,0.002,0.07303419382157485,0.004340098643067014,0.3589842477306786,2.4153605501061337,0.6697429211703161,0.16209801330207424,6.728319042896298,0.2420302002129745,6.019232719710089,0.2619232745182075,1.0834430296960456,0.030237387879157675,32.60570139570006,False,-32.66777617145838
0.03,0.003,0.07303419402120429,0.004340098639421723,0.3589829788331942,2.4153913045012416,0.6412051306259265,0.24313889344985912,6.728428496392794,0.3791904990100646,6.019325310546919,0.40187846331793425,1.0834430296977187,0.03023700295894094,32.39587843553992,False,-32.4580024414578
0.03,0.004,0.07303419422083371,0.0043400986357764295,0.35898170993570977,2.4154220588963495,0.6186527176832481,0.32417977359764394,6.728537950663063,0.5240092936334991,6.019417901950434,0.549613428784001,1.0834430296993918,0.030236618048526204,32.2151066456468,False,-32.27727988174385
0.03,0.005,0.07303419442046315,0.004340098632131136,0.3589804410382253,2.4154528132914574,0.5997260193819336,0.4052206537454288,6.7286474057071155,0.6756762932564456,6.019510493920638,0.7043455221945633,1.083443029701065,0.0302362331479131,32.070695173836576,False,-32.132917640132405
0.03,0.006,0.07303419462009259,0.004340098628485844,0.35897917214074093,2.4154835676865654,0.5832963747129559,0.48626153389321364,6.728756861524955,0.8336440186731923,6.019603086457536,0.865538247299513,1.0834430297027382,0.030235848257101256,31.96914535016075,False,-32.03141704667496
0.03,0.007,0.07303419481972204,0.004340098624840551,0.3589779032432565,2.415514322081673,0.5687153701975156,0.5673024140409985,6.7288663181165935,0.9975155302097296,6.019695679561133,1.032800242782037,1.0834430297044113,0.030235463376090302,31.9164943677087,False,-31.978815294460883
0.03,0.008,0.07303419501935146,0.004340098621195258,0.3589766343457721,2.4155450764767807,0.5555746655689542,0.6483432941887833,6.728975775482039,1.1669777878097183,6.019788273231438,1.2058213129749566,1.0834430297060846,0.030235078504879838,31.91849244755517,True,-31.98086260456493
0.03,0.009000000000000001,0.07303419521898091,0.004340098617549966,0.3589753654482877,2.4155758308718887,0.5435967191588722,0.7293841743365682,6.729085233621299,1.3417744232621025,6.0198808674684505,1.3843466403259674,1.0834430297077575,0.030234693643469517,31.980689825392407,True,-32.04310921267935
0.03,0.01,0.07303419541861034,0.0043400986139046725,0.35897409655080337,2.4156065852669966,0.5325773585644373,0.810425054484353,6.729194692534379,1.521703920476178,6.01997346227218,1.5681762767047822,1.0834430297094308,0.03023430879185894,32.10850302752262,True,-32.17097164510634
0.03,0.011,0.07303419561823978,0.00434009861025938,0.3589728276533189,2.415637339662105,0.5223648141749566,0.8914659346321377,6.729304152221295,1.706596444555999,6.020066057642631,1.7571416248974503,1.0834430297111042,0.03023392395004775,32.30726050863498,True,-32.36977835653507
0.03,0.012,0.07303419581786921,0.004340098606614088,0.3589715587558345,2.415668094057213,0.5128515031070108,0.9725068147799227,6.729413612682048,1.8962736949939272,6.020158653579808,1.951063920091002,1.0834430297127773,0.030233539118035575,32.58217691229627,True,-32.64474399053234
0.03,0.013000000000000001,0.07303419601749866,0.0043400986029687935,0.3589702898583501,2.4156988484523207,0.5039358803926437,1.0535476949277076,6.729523073916647,2.0906383846032743,6.020251250083715,2.1498482380607284,1.0834430297144504,0.030233154295822042,32.93850090715012,True,-33.001117215741765
0.03,0.014,0.07303419621712809,0.004340098599323502,0.3589690209608657,2.4157296028474287,0.49555414778719736,1.1345885750754925,6.729632535925103,2.2895350188103145,6.020343847154358,2.353337962400462,1.0834430297161235,0.030232769483406755,33.38132275271198,True,-33.4439882916788
0.035,0.0,0.08520655899270196,0.004137358768372958,0.3435214905181374,2.8178488815352374,0.7896741886304932,1.896184092199383e-05,8.20283143649917,2.4012233393215907e-05,7.260675956217878,0.014150789608100896,1.083461648842736,0.030238157748998656,51.9010758069333,False,-51.9633021224313
0.035,0.001,0.08520655919233142,0.004137358765340075,0.34352038246968203,2.8178796359303453,0.711709821842819,0.08105984198870683,8.202947422425607,0.1138945107977009,7.260773154005797,0.13100526318280598,1.0834616488443733,0.03023782779997974,51.66973979890642,False,-51.73201545450638
0.035,0.002,0.08520655939196084,0.004137358762307192,0.34351927442122676,2.817910390325453,0.6697418196851669,0.16210072213649165,8.203063409100286,0.24203464286087426,7.260870352333307,0.2619278091166398,1.083461648846011,0.03023749785816288,51.44021826982869,False,-51.502543265545015
0.035,0.003,0.08520655959159029,0.00413735875927431,0.34351816637277144,2.817941144720561,0.6412042989101663,0.24314160228427656,8.203179396523216,0.37919521546804336,7.2609675512004115,0.4018832748517973,1.0834616488476485,0.03023716792354785,51.23081206107574,False,-51.293186396922835
0.035,0.004,0.08520655979121973,0.004137358756241428,0.34351705832431606,2.8179718991156695,0.6186520351957581,0.3241824824320614,8.203295384694407,0.5240142503200217,7.261064750607118,0.5496184852184078,1.0834616488492859,0.030236837996134407,51.05045729145585,False,-51.11288096744812
0.035,0.005,0.08520655999084915,0.004137358753208545,0.3435159502758608,2.8180026535107774,0.5997254352531785,0.40522336257984626,8.203411373613859,0.6756814681518012,7.261161950553426,0.7043508020290863,1.0834616488509234,0.030236508075922312,50.90646307292717,False,-50.968936089079016
0.035,0.006,0.08520656019047859,0.004137358750175662,0.34351484222740547,2.8180334079058853,0.5832958579701202,0.4862642427276311,8.203527363281584,0.8336494012143998,7.2612591510393445,0.8655437404787196,1.0834616488525608,0.030236178162911343,50.805330712943494,False,-50.867853069269316
0.035,0.007,0.08520656039010803,0.004137358747142779,0.34351373417895015,2.8180641623009928,0.5687149109363644,0.5673051228754159,8.203643353697588,0.9975210988250188,7.261356352064874,1.0328059273280807,1.0834616488541984,0.030235848257101263,50.753097399818856,False,-50.81566909633306
0.035,0.008,0.08520656058973747,0.004137358744109898,0.3435126261304948,2.8180949166961007,0.5555742445311345,0.6483460030232007,8.203759344861881,1.166983547933108,7.261453553630023,1.2058271951505395,1.083461648855836,0.030235518358491826,50.755513341118004,True,-50.81813437783499
0.035,0.009000000000000001,0.08520656078936692,0.004137358741077014,0.3435115180820396,2.8181256710912086,0.5435963345859188,0.7293868831709858,8.203875336774464,1.341780355687259,7.2615507557347945,1.3843527003855487,1.0834616488574735,0.030235188467082803,50.81812876852724,True,-50.8807991454614
0.035,0.01,0.08520656098899634,0.004137358738044132,0.3435104100335842,2.8181564254863165,0.5325770037063843,0.8104277633187704,8.203991329435356,1.5217100206706764,7.261647958379194,1.5681825102453022,1.083461648859111,0.030234858582873947,50.94636020423101,True,-51.009079921396754
0.035,0.011,0.0852065611886258,0.00413735873501125,0.3435093019851289,2.8181871798814244,0.522364482957804,0.8914686434665552,8.20410732284455,1.7066027123795957,7.261745161563223,1.7571480320586035,1.0834616488607482,0.03023452870586504,51.145536106568805,True,-51.20830516398053
0.035,0.012,0.08520656138825522,0.004137358731978366,0.34350819393667364,2.8182179342765323,0.5128511948336908,0.9725095236143401,8.20422331700206,1.8962801167494736,7.2618423652868875,1.9510704867778703,1.083461648862386,0.03023419883605583,51.42087109951638,True,-51.48368949718849
0.035,0.013000000000000001,0.08520656158788467,0.0041373587289454845,0.34350708588821827,2.8182486886716402,0.503935589708564,1.053550403762125,8.204339311907898,2.0906449659001307,7.261939569550192,2.1498549703623895,1.0834616488640234,0.030233868973446095,51.777613878295575,True,-51.84048161624247
0.035,0.014,0.0852065617875141,0.0041373587259126016,0.343505977839763,2.818279443066748,0.4955538742732528,1.1345912839099097,8.204455307562062,2.2895417487630896,7.2620367743531435,2.353344849118883,1.0834616488656608,0.030233539118035585,52.22085467145011,True,-52.28377174968619
0.04,0.0,0.09737892456308796,0.003965442642705904,0.33003425985458273,3.220398721754557,0.7896714797960758,2.167067533942152e-05,9.75777097557537,2.7442646586423145e-05,8.558268590845167,0.014154307455697034,1.0834799163081565,0.03023815774899866,76.47004982917478,False,-76.53252614467277
0.04,0.001,0.0973789247627174,0.003965442640129709,0.3300332987112116,3.220429476149665,0.7117079167858811,0.08106255082312426,9.757892578492878,0.11389862176777218,8.55836965535376,0.1310094716873425,1.0834799163097664,0.030237869043213236,76.23917147688398,False,-76.3016972149704
0.04,0.002,0.09737892496234683,0.003965442637553514,0.33003233756784045,3.2204602305447727,0.6697407182000175,0.16210343097090912,9.758014182118668,0.24203908552338732,8.558470720366039,0.26193234373018515,1.0834799163113762,0.030237580342941914,76.01010863924321,False,-76.0726837999291
0.04,0.003,0.09737892516197627,0.0039654426349773194,0.33003137642446934,3.2204909849398806,0.641203467194406,0.24314431111869395,9.758135786452744,0.37919993193825763,8.558571785882005,0.40188808639831514,1.083479916312986,0.030237291648184537,75.80116146350713,False,-75.8637860468035
0.04,0.004,0.0973789253616057,0.003965442632401124,0.33003041528109833,3.220521739334989,0.6186513527082678,0.3241851912664788,9.758257391495112,0.5240192070174808,8.558672851901672,0.549623541664131,1.083479916314596,0.030237002958940936,75.62126599520502,False,-75.6839400011229
0.04,0.005,0.09737892556123513,0.00396544262982493,0.33002945413772716,3.2205524937300964,0.599724851124423,0.40522607141426364,9.758378997245782,0.6756866430572377,8.558773918425032,0.7043560818740465,1.0834799163162057,0.030236714275210973,75.47773131043901,False,-75.54045473898944
0.04,0.006,0.09737892576086457,0.003965442627248735,0.330028492994356,3.2205832481252044,0.5832953412272847,0.48626695156204847,9.758500603704759,0.8336547837651436,8.558874985452094,0.8655492336678076,1.0834799163178157,0.030236425596994475,75.37705869406567,False,-75.43983154525966
0.04,0.007,0.09737892596049401,0.00396544262467254,0.33002753185098493,3.2206140025203123,0.5687144516752131,0.5673078317098333,9.758622210872044,0.997526667449302,8.558976052982866,1.0328116118834487,1.0834799163194255,0.030236136924291293,75.32528532962358,False,-75.38810760347218
0.04,0.008,0.09737892616012346,0.0039654426220963445,0.33002657070761376,3.22064475691542,0.555573823493315,0.6483487118576181,9.758743818747652,1.1669893080652283,8.559077121017344,1.2058330773351804,1.0834799163210354,0.030235848257101263,75.32816141116824,True,-75.39103310768243
0.04,0.009000000000000001,0.0973789263597529,0.003965442619520151,0.33002560956424265,3.220675511310528,0.5435959500129656,0.729389592005403,9.758865427331582,1.3417862881208085,8.559178189555535,1.3843587604538445,1.0834799163226452,0.03023555959542423,75.39123716637947,True,-75.45415828557032
0.04,0.01,0.09737892655938232,0.003965442616943956,0.33002464842087154,3.220706265705636,0.5325766488483312,0.8104304721531879,9.758987036623841,1.5217161208733039,8.559279258597446,1.5681887437942676,1.083479916324255,0.030235270939260026,75.51992911332404,True,-75.58289965520255
0.04,0.011,0.09737892675901177,0.00396544261436776,0.3300236872775004,3.220737020100744,0.5223641517406514,0.8914713523009727,9.759108646624439,1.7066089802111413,8.559380328143074,1.7571544392280205,1.0834799163258648,0.030234982288608513,75.71956571399235,True,-75.78258567856957
0.04,0.012,0.0973789269586412,0.003965442611791566,0.3300227261341293,3.220767774495852,0.5128508865603707,0.9725122324487576,9.75923025733338,1.896286538512741,8.55948139819243,1.9510770534727706,1.0834799163274749,0.03023469364346951,75.99536157276836,True,-76.0584309600553
0.04,0.013000000000000001,0.09737892715827065,0.0039654426092153704,0.3300217649907582,3.2207985288909597,0.5039352990244843,1.0535531125965423,9.759351868750668,2.090651547204579,8.559582468745512,2.149861702671955,1.083479916329085,0.03023440500384288,76.35256541145273,True,-76.41568422146042
0.04,0.014,0.09737892735790007,0.003965442606639176,0.3300208038473871,3.2208292832860677,0.4955536007593081,1.1345939927443272,9.759473480876313,2.2895484787232947,8.559683539802325,2.353351735845044,1.0834799163306945,0.03023411636972845,76.79626742761701,True,-76.85943566035647
0.045,0.0,0.10955129013347395,0.003817371201272327,0.3181030875506238,3.6229485619738764,0.7896687709616582,2.437950975684921e-05,11.38922790680961,3.0873083314615346e-05,9.908473081934838,0.014157825327698385,1.0834979019513356,0.03023815774899866,107.44651334963524,False,-107.50923966513324
0.045,0.001,0.10955129033310339,0.003817371199027868,0.31810223909669116,3.6229793163689843,0.7117060117289431,0.08106525965754169,11.389354965425825,0.11390273275985155,9.908577857016514,0.13101368021468965,1.0834979019529225,0.030237901121361536,107.21614373291901,False,-107.27891953516173
0.045,0.002,0.10955129053273283,0.0038173711967834094,0.3181013906427585,3.623010070764092,0.6697396167148683,0.16210613980532654,11.389482024719836,0.24204352820051347,9.908682632573859,0.2619368783588435,1.0834979019545095,0.030237644498081247,106.98759066665205,False,-107.05041595564822
0.045,0.003,0.10955129073236226,0.00381737119453895,0.31810054218882583,3.6230408251592,0.6412026354786458,0.2431470199531114,11.389609084691646,0.3792046484207076,9.908787408606873,0.40189289795748795,1.0834979019560964,0.03023738787915768,106.77915360395166,False,-106.84202837970996
0.045,0.004,0.1095512909319917,0.003817371192294492,0.3180996937348932,3.6230715795543085,0.6186506702207775,0.32418790010089626,11.389736145341256,0.5240241637258762,9.908892185115567,0.5496285981211704,1.0834979019576831,0.03023713126459072,106.5997685170767,False,-106.66269277960588
0.045,0.005,0.10955129113162113,0.003817371190050033,0.31809884528096055,3.623102333949416,0.5997242669956676,0.40522878024868103,11.389863206668677,0.6756918179727547,9.908996962099932,0.7043613617294441,1.0834979019592699,0.030236874654380273,106.45674444627471,False,-106.51971819558347
0.045,0.006,0.10955129133125056,0.003817371187805574,0.3180979968270279,3.623133088344524,0.583294824484449,0.4862696603964659,11.389990268673913,0.8336601663254245,9.909101739559983,0.865554726866776,1.0834979019608566,0.03023661804852621,106.35658265380559,False,-106.41960588990264
0.045,0.007,0.10955129153088,0.003817371185561116,0.31809714837309516,3.6231638427396318,0.5687139924140618,0.5673105405442507,11.390117331356969,0.9975322360825785,9.909206517495715,1.0328172964481406,1.0834979019624436,0.030236361447028428,106.30532031843288,False,-106.36839304132694
0.045,0.008,0.10955129173050945,0.003817371183316656,0.3180962999191625,3.6231945971347397,0.5555734024554955,0.6483514206920356,11.390244394717849,1.1669950682060792,9.909311295907136,1.2058389595288792,1.0834979019640303,0.03023610484988682,106.30870762070299,True,-106.37182983040276
0.045,0.009000000000000001,0.10955129193013888,0.0038173711810721976,0.3180954514652299,3.6232253515298476,0.5435955654400123,0.7293923008398205,11.390371458756558,1.3417922205627526,9.909416074794247,1.3843648205308552,1.083497901965617,0.030235848257101263,106.37229478428901,True,-106.43546648080321
0.045,0.01,0.10955129212976833,0.003817371178827739,0.31809460301129716,3.623256105924955,0.5325762939902781,0.8104331809876052,11.390498523473104,1.5217222210840609,9.909520854157051,1.5681949773516777,1.0834979019672037,0.030235591668671662,106.5014983231405,True,-106.56471950647784
0.045,0.011,0.10955129232939777,0.00381737117658328,0.3180937545573645,3.6232868603200634,0.5223638205234986,0.89147406113539,11.390625588867493,1.7066152480506356,9.909625633995557,1.7571608464057,1.083497901968791,0.030235335084597886,106.7016467028987,True,-106.76491737306789
0.045,0.012,0.10955129252902719,0.003817371174338821,0.3180929061034319,3.6233176147151713,0.5128505782870506,0.972514941283175,11.390752654939726,1.8962929602837282,9.90973041430976,1.951083620175702,1.0834979019703774,0.030235078504879838,106.97795450835538,True,-107.04127466536514
0.045,0.013000000000000001,0.10955129272865664,0.003817371172094362,0.3180920576494992,3.6233483691102792,0.5039350083404046,1.05355582143096,11.390879721689814,2.0906581285166204,9.909835195099664,2.149868434989424,1.0834979019719644,0.03023482192951741,107.33567048789092,True,-107.39904013174996
0.045,0.014,0.10955129292828608,0.0038173711698499036,0.31809120919556655,3.623379123505387,0.4955533272453635,1.1345967015787446,11.391006789117759,2.2895552086909285,9.90993997636528,2.3533586225789436,1.0834979019735511,0.030234565358510483,107.77988480810387,True,-107.8433039388209
0.05,0.0,0.12172365570385996,0.0036879838596401288,0.30745364262052144,4.025498402193197,0.7896660621272409,2.7088344174276897e-05,13.093025562756809,3.4303543578034696e-05,11.307662838722926,0.014161343224105193,1.083515654255179,0.030238157748998656,145.47910907697116,False,-145.54208539246915
0.05,0.001,0.12172365590348938,0.003687983857624388,0.3074528781340191,4.025529156588305,0.7117041066720052,0.08106796849195913,13.093158148396185,0.11390684377393914,11.307771340911938,0.13101788876484755,1.0835156542567466,0.030237926783929184,145.24930468488446,False,-145.31233053845233
0.05,0.002,0.12172365610311883,0.0036879838556086474,0.3074521136475168,4.025559910983413,0.6697385152297188,0.16210884863974398,13.093290734694914,0.24204797089225302,11.307879843557805,0.26194141300261503,1.0835156542583146,0.03023769582238876,145.02131787939246,False,-145.08439327103724
0.05,0.003,0.12172365630274827,0.003687983853592907,0.30745134916101446,4.02559066537852,0.6412018037628855,0.24314972878752883,13.093423321653,0.3792093649153933,11.307988346660522,0.40189770952931564,1.0835156542598825,0.030237464864377304,144.8134474194585,False,-144.87657234918723
0.05,0.004,0.12172365650237771,0.003687983851577166,0.30745058467451214,4.0256214197736275,0.6186499877332872,0.32419060893531365,13.093555909270453,0.5240291204452079,11.308096850220105,0.5496336545895262,1.0835156542614504,0.030237233909894724,144.63462920407994,False,-144.69780367189975
0.05,0.005,0.12172365670200713,0.003687983849561426,0.3074498201880098,4.025652174168735,0.5997236828669124,0.4052314890830985,13.093688497547276,0.6756969928983524,11.308205354236549,0.7043666415952791,1.0835156542630184,0.030237002958940946,144.49217223765118,False,-144.55539624356905
0.05,0.006,0.12172365690163657,0.0036879838475456853,0.3074490557015075,4.025682928563844,0.5832943077416135,0.4862723692308834,13.093821086483475,0.8336655488952422,11.308313858709859,0.8655602200756259,1.0835156542645863,0.030236772011515884,144.39257775983606,False,-144.4558513038591
0.05,0.007,0.12172365710126601,0.0036879838455299444,0.30744829121500517,4.025713682958951,0.5687135331529106,0.5673132493786682,13.093953676079046,0.9975378047248492,11.308422363640034,1.0328229810221574,1.0835156542661541,0.030236541067619475,144.34188294462282,False,-144.40520602675807
0.05,0.008,0.12172365730089546,0.0036879838435142035,0.30744752672850284,4.02574443735406,0.555572981417676,0.648354129526453,13.094086266334008,1.1670008283556605,11.308530869027084,1.2058448417316365,1.0835156542677222,0.030236310127251618,144.34583795905002,True,-144.40921057930453
0.05,0.009000000000000001,0.12172365750052488,0.0036879838414984644,0.3074467622420005,4.025775191749167,0.5435951808670589,0.7293950096742379,13.094218857248352,1.3417981530130905,11.308639374871001,1.3843708806165802,1.08351565426929,0.030236079190412244,144.40999302278297,True,-144.4734151811638
0.05,0.01,0.12172365770015434,0.0036879838394827226,0.30744599775549813,4.025805946144276,0.532575939132225,0.8104358898220227,13.0943514488221,1.5217283213029469,11.308747881171804,1.5682012109175345,1.083515654270858,0.030235848257101263,144.5397646456548,True,-144.603236342169
0.05,0.011,0.12172365789978377,0.0036879838374669826,0.3074452332689958,4.025836700539384,0.522363489306346,0.8914767699698075,13.094484041055239,1.7066215158980782,11.308856387929483,1.7571672535916438,1.083515654272426,0.030235617327318602,144.74048129695743,True,-144.80400253161207
0.05,0.012,0.12172365809941321,0.0036879838354512418,0.30744446878249354,4.025867454934492,0.5128502700137304,0.9725176501175924,13.09461663394778,1.896299382062436,11.308964895144042,1.9510901868866648,1.0835156542739937,0.030235386401064178,145.0173575418902,True,-145.0809283146923
0.05,0.013000000000000001,0.12172365829904265,0.0036879838334355017,0.30744370429599116,4.0258982093296,0.5039347176563248,1.0535585302653772,13.094749227499733,2.0906647098362545,11.30907340281549,2.1498751673147973,1.0835156542755615,0.03023515547833791,145.37564215541383,True,-145.4392624663705
0.05,0.014,0.12172365849867207,0.003687983831419761,0.3074429398094888,4.0259289637247075,0.4955530537314189,1.1345994104131623,13.0948818217111,2.289561938665992,11.309181910943822,2.353365509320582,1.0835156542771296,0.03023492455913971,145.82042527315326,True,-145.88409512227153
0.055,0.0,0.13389602127424594,0.00357368970279573,0.2978505776836349,4.428048242412515,0.7896633532928234,2.979717859170459e-05,14.866676696916796,3.773402737692342e-05,12.753537628069575,0.014164861144917716,1.083533209297526,0.030238157748998663,191.23877284123333,False,-191.3019991567313
0.055,0.001,0.1338960214738754,0.0035736897010618437,0.29784987268188057,4.428078996807623,0.7117022016150674,0.08107067732637654,14.86681514058269,0.1139109548100351,12.753650058162929,0.13102209733781633,1.0835332092990784,0.03023794778060786,191.00959976383615,False,-191.07287565939737
0.055,0.002,0.1338960216735048,0.0035736896993279563,0.2978491676801263,4.428109751202731,0.6697374137445696,0.1621115574741614,14.866953584903966,0.2420524135986058,12.7537624887047,0.2619459476614997,1.0835332093006311,0.030237737815133628,190.78224530985224,False,-190.8455707854825
0.055,0.003,0.13389602187313426,0.0035736896975940703,0.29784846267837195,4.428140505597839,0.6412009720471252,0.24315243762194624,14.867092029880638,0.37921408142231466,12.753874919694887,0.4019025211137984,1.0835332093021837,0.03023752785257591,190.57500754407496,False,-190.63838259978013
0.055,0.004,0.1338960220727637,0.0035736896958601834,0.29784775767661775,4.428171259992947,0.6186493052457971,0.32419331776973104,14.867230475512697,0.5240340771754758,12.753987351133492,0.5496387110691985,1.0835332093037362,0.03023731789293464,190.3968222922482,False,-190.46024692803408
0.055,0.005,0.1338960222723931,0.003573689694126297,0.29784705267486344,4.428202014388055,0.5997230987381568,0.4052341979175159,14.86736892180016,0.6757021678340311,12.75409978302052,0.7043719214715515,1.0835332093052887,0.030237107936209755,190.254998522915,False,-190.31847273878742
0.055,0.006,0.13389602247202256,0.0035736896923924105,0.2978463476731091,4.428232768783163,0.5832937909987779,0.4862750780653008,14.86750736874303,0.8336709314745968,12.754212215355976,0.8655657132943563,1.0835332093068413,0.030236897982401208,190.15603745314397,False,-190.21956124910878
0.055,0.007,0.13389602267165202,0.003573689690658524,0.2978456426713548,4.428263523178272,0.5687130738917594,0.5673159582130856,14.867645816341309,0.9975433733761134,12.754324648139857,1.0328286656054986,1.0835332093083938,0.030236688031508925,190.1059762521482,False,-190.1695496282112
0.055,0.008,0.13389602287128144,0.0035736896889246375,0.2978449376696006,4.428294277573379,0.5555725603798563,0.6483568383608704,14.867784264594993,1.1670065885139729,12.754437081372163,1.2058507239434522,1.0835332093099463,0.03023647808353285,190.11056507345813,True,-190.1741880296252
0.055,0.009000000000000001,0.13389602307091086,0.00357368968719075,0.2978442326678462,4.4283250319684875,0.5435947962941057,0.7293977185086553,14.867922713504107,1.3418040854718223,12.754549515052911,1.3843769407110202,1.083533209311499,0.030236268138472917,190.17535413273222,True,-190.23902666900915
0.055,0.01,0.13389602327054032,0.003573689685456864,0.2978435276660919,4.428355786363595,0.532575584274172,0.8104385986564402,14.868061163068639,1.5217344215299622,12.754661949182092,1.5682074444918368,1.0835332093130516,0.030236058196329078,190.30575993568613,True,-190.36948205207878
0.055,0.011,0.13389602347016977,0.003573689683722978,0.2978428226643376,4.428386540758703,0.5223631580891934,0.8914794788042248,14.868199613288597,1.706627783753469,12.75477438375971,1.757173660785851,1.0835332093146042,0.030235848257101267,190.5071109552636,True,-190.57088265177782
0.055,0.012,0.1338960236697992,0.003573689681989091,0.2978421176625833,4.428417295153811,0.5128499617404104,0.97252035895201,14.868338064163988,1.8963058038488638,12.754886818785767,1.951096753605659,1.083533209316157,0.03023563832078941,190.78462173707084,True,-190.84844301371243
0.055,0.013000000000000001,0.13389602386942862,0.0035736896802552047,0.2978414126608291,4.428448049548919,0.5039344269722451,1.0535612390997948,14.86847651569481,2.0906712911634813,12.754999254260268,2.149881899648075,1.0835332093177095,0.03023542838739346,191.14354108264936,True,-191.20741193942416
0.055,0.014,0.1338960240690581,0.0035736896785213187,0.2978407076590747,4.428478803944026,0.4955527802174743,1.1346021192475795,14.86861496788108,2.2895686686484837,12.755111690183215,2.353372396069958,1.083533209319262,0.03023521845691337,191.5889590966502,True,-191.652879533564
0.06,0.0,0.14606838684463191,0.0034719276704116937,0.2891385310095088,4.830598082631836,0.7896606444584059,3.2506013009132275e-05,16.706863888967316,4.116453471152371e-05,14.243253441450177,0.014168379090136211,1.0835505962060676,0.030238157748998653,245.36518609061025,False,-245.42866240610823
0.06,0.001,0.14606838704426137,0.0034719276688079843,0.28913790011518725,4.830628837026944,0.7117002965581294,0.08107338616079399,16.707006708918108,0.11391506586813971,14.243368696676912,0.13102630593359627,1.0835505962076057,0.030237965277862357,245.13665878052814,False,-245.20018471108386
0.06,0.002,0.1460683872438908,0.003471927667204275,0.28913726922086563,4.830659591422051,0.6697363122594204,0.16211426630857878,16.707149529492163,0.242056856319572,14.243483952325393,0.2619504823354976,1.0835505962091438,0.030237772809176795,244.90995112914817,False,-244.9735266747665
0.06,0.003,0.14606838744352024,0.0034719276656005656,0.2891366383265442,4.830690345817159,0.641200140331365,0.24315514645636366,16.707292350689478,0.37921879794147184,14.243599208395635,0.4019073327109362,1.0835505962106815,0.030237580342941918,244.70336050707647,False,-244.76698566776236
0.06,0.004,0.1460683876431497,0.003471927663996857,0.2891360074322226,4.830721100212267,0.618648622758307,0.3241960266041485,16.707435172510074,0.5240390339166803,14.243714464887633,0.5496437675601873,1.0835505962122196,0.03023738787915768,244.52582266681327,False,-244.58949744257157
0.06,0.005,0.14606838784277912,0.003471927662393148,0.28913537653790106,4.830751854607375,0.5997225146094015,0.40523690675193336,16.707577994953944,0.6757073427797903,14.243829721801387,0.7043772013582611,1.0835505962137575,0.030237195417824037,244.3846465410509,False,-244.44837093188656
0.06,0.006,0.14606838804240857,0.003471927660789439,0.2891347456435796,4.830782609002483,0.5832932742559421,0.48627778689971823,16.707720818021087,0.8336763140634886,14.243944979136904,0.8655712065229683,1.0835505962152951,0.030237002958940946,244.28633332426304,False,-244.35010733018092
0.06,0.007,0.146068388242038,0.00347192765918573,0.289134114749258,4.83081336339759,0.5687126146306082,0.567318667047503,16.70786364171152,0.9975489420363718,14.244060236894185,1.0328343501981643,1.0835505962168335,0.030236810502508354,244.23692018088812,False,-244.30074380189316
0.06,0.008,0.14606838844166742,0.003471927657582021,0.2891334838549365,4.830844117792699,0.5555721393420368,0.6483595471952879,16.70800646602524,1.1670123486810156,14.244175495073236,1.2058566061643254,1.0835505962183714,0.030236618048526207,244.24215725094967,True,-244.3060304870467
0.06,0.009000000000000001,0.14606838864129684,0.003471927655978312,0.28913285296061497,4.830874872187807,0.5435944117211524,0.7294004273430728,16.708149290962247,1.341810017938948,14.24429075367405,1.3843830008141749,1.083550596219909,0.030236425596994475,244.30759474609698,True,-244.37151759729096
0.06,0.01,0.1460683888409263,0.0034719276543746028,0.28913222206629335,4.830905626582915,0.532575229416119,0.8104413074908576,16.708292116522557,1.5217405217651063,14.244406012696636,1.5682136780745837,1.0835505962214473,0.030236233147913107,244.4386491679304,True,-244.50262163422624
0.06,0.011,0.14606838904055575,0.0034719276527708943,0.28913159117197185,4.830936380978023,0.5223628268720407,0.8914821876386423,16.70843494270616,1.706634051616809,14.244521272140997,1.7571800679883223,1.0835505962229852,0.030236040701282052,244.64064899304455,True,-244.7046710744471
0.06,0.012,0.14606838924018517,0.003471927651167185,0.2891309602776503,4.830967135373131,0.5128496534670902,0.9725230677864273,16.70857776951307,1.8963122256430123,14.244636532007132,1.9511033203326846,1.0835505962245229,0.03023584825710126,244.91880874745237,True,-244.9828804439666
0.06,0.013000000000000001,0.1460683894398146,0.003471927649563476,0.2891303293833287,4.830997889768238,0.5039341362881653,1.053563947934212,16.708720596943287,2.0906778724983,14.244751792295043,2.149888631989255,1.083550596226061,0.030235655815370695,245.27837725927702,True,-245.34249857090776
0.06,0.014,0.14606838963944407,0.003471927647959767,0.2891296984890072,4.831028644163346,0.49555250670352957,1.134604828081997,16.708863424996814,2.289575398638405,14.244867053004736,2.3533792828270728,1.083550596227599,0.030235463376090305,245.72444460219438,True,-245.78861552894656
0.065,0.0,0.15824075241501795,0.003380515673738918,0.2811783553499788,5.233147922851154,0.7896579356239887,3.5214847426559974e-05,18.61148919637683,4.459506558207778e-05,15.774907240658008,0.014171897059760928,1.0835678350744786,0.03023815774899867,308.51941711932466,False,-308.58314343482266
0.065,0.001,0.15824075261464737,0.003380515672318239,0.28117777700872193,5.233178677246262,0.7116983915011915,0.0810760949952114,18.611636854515407,0.11391917694825301,15.775025626839993,0.1310305145521875,1.0835678350760054,0.03023798008324738,308.2916029552712,False,-308.3553789154377
0.065,0.002,0.15824075281427682,0.003380515670897561,0.28117719866746504,5.233209431641372,0.6697352107742711,0.16211697514299625,18.611784513261412,0.24206129905515186,15.775144013428488,0.26195501702460905,1.0835678350775317,0.03023780241958429,308.06560948597394,False,-308.1294350908131
0.065,0.003,0.15824075301390625,0.0033805156694768825,0.2811766203262081,5.233240186036479,0.6411993086156047,0.24315785529078107,18.61193217261484,0.37922351447286484,15.775262400423479,0.4019121443207291,1.0835678350790583,0.030237624758009375,307.859733387835,False,-307.923608637351
0.065,0.004,0.1582407532135357,0.003380515668056204,0.28117604198495116,5.233270940431586,0.6186479402708167,0.3241987354385659,18.6120798325757,0.5240439906688213,15.775380787824984,0.5496488240624928,1.0835678350805846,0.030237447098522593,307.6829103401189,False,-307.74683523431594
0.065,0.005,0.15824075341316512,0.0033805156666355256,0.2811754636436943,5.233301694826695,0.5997219304806461,0.4052396155863508,18.612227493143994,0.6757125177356305,15.775499175633005,0.7043824812554083,1.0835678350821114,0.03023726944112389,307.54244923966974,False,-307.60642377855197
0.065,0.006,0.15824075361279455,0.0033805156652148465,0.2811748853024374,5.233332449221802,0.5832927575131065,0.4862804957341356,18.61237515431972,0.833681696661917,15.775617563847534,0.8655766997614611,1.0835678350836377,0.03023709178581326,307.4448512583669,False,-307.5088754419385
0.065,0.007,0.158240753812424,0.003380515663794168,0.2811743069611805,5.23336320361691,0.568712155369457,0.5673213758819204,18.612522816102896,0.997554510705624,15.77573595246858,1.0328400348001543,1.083567835085164,0.03023691413259064,307.39615355587364,False,-307.4602273841388
0.065,0.008,0.15824075401205345,0.00338051566237349,0.2811737286199236,5.233393958012019,0.5555717183042173,0.6483622560297053,18.612670478493516,1.1670181088567886,15.775854341496148,1.205862488394257,1.0835678350866906,0.030236736481456004,307.402106258707,True,-307.46622973166996
0.065,0.009000000000000001,0.15824075421168288,0.0033805156609528113,0.28117315027866674,5.2334247124071265,0.5435940271481992,0.7294031361774902,18.612818141491584,1.3418159504144678,15.775972730930235,1.384389060926045,1.0835678350882172,0.03023655883240931,307.4682595745078,True,-307.53243269217256
0.065,0.01,0.1582407544113123,0.003380515659532133,0.28117257193740985,5.233455466802234,0.532574874558066,0.8104440163252751,18.612965805097105,1.52174662200838,15.776091120770845,1.5682199116657771,1.0835678350897435,0.030236381185450526,307.6000300007602,True,-307.6642527631312
0.065,0.011,0.15824075461094173,0.003380515658111454,0.28117199359615297,5.233486221197342,0.5223624956548882,0.8914848964730597,18.613113469310086,1.7066403194880968,15.776209511017974,1.7571864751990565,1.08356783509127,0.030236203540579612,307.80274601771094,True,-307.8670184247921
0.065,0.012,0.15824075481057118,0.003380515656690776,0.2811714152548961,5.233516975592449,0.5128493451937701,0.9725257766208446,18.61326113413052,1.8963186474448803,15.776327901671628,1.9511098870677412,1.0835678350927966,0.030236025897796545,308.08162213177803,True,-308.14594418357365
0.065,0.013000000000000001,0.15824075501020063,0.0033805156552700966,0.2811708369136392,5.233547729987558,0.5039338456040857,1.0535666567686297,18.613408799558428,2.090684453840712,15.776446292731821,2.1498953643383407,1.083567835094323,0.030235848257101267,308.4419071976683,True,-308.50627889418246
0.065,0.014,0.15824075520983005,0.003380515653849419,0.2811702585723822,5.233578484382666,0.495552233189585,1.1346075369164144,18.613556465593806,2.2895821286357547,15.776564684198537,2.3533861695919263,1.0835678350958495,0.03023567061849375,308.88869125808134,True,-308.9531125993183
0.07,0.0,0.17041311798540393,0.0032977159477424233,0.2738614886275857,5.635697763070475,0.7896552267895711,3.792368184398766e-05,20.5786428435516,4.802561998882784e-05,17.346769293615353,0.014175415053792126,1.0835849449237493,0.030238157748998663,381.3633690073533,False,-381.4273453228513
0.07,0.001,0.17041311818503335,0.003297715946436854,0.2738609596164088,5.635728517465584,0.7116964864442537,0.08107880382962884,20.578794894166034,0.1139232880503753,17.346890470053047,0.13103472319359027,1.0835849449252646,0.030237992773588924,381.13630653812675,False,-381.2003325236739
0.07,0.002,0.17041311838466283,0.003297715945131285,0.2738604306052319,5.635759271860691,0.6697341092891218,0.16211968397741366,20.578946945367882,0.24206574180534524,17.347011646879782,0.2619595517288338,1.0835849449267803,0.030237827799979747,380.91106579932773,False,-380.9751414549277
0.07,0.003,0.17041311858429226,0.003297715943825716,0.27385990159405504,5.635790026255799,0.6411984768998444,0.24316056412519854,20.579098997157168,0.3792282310164938,17.34713282409557,0.40191695594317733,1.0835849449282955,0.03023766282817107,380.70594277314,False,-380.77006809879634
0.07,0.004,0.17041311878392168,0.003297715942520147,0.27385937258287824,5.635820780650906,0.6186472577833264,0.3242014442729833,20.579251049533877,0.5240489474318988,17.347254001700396,0.5496538805761145,1.0835849449298107,0.030237497858162883,380.52987306559953,False,-380.59404806131585
0.07,0.005,0.17041311898355113,0.0032977159412145786,0.27385884357170137,5.635851535046014,0.5997213463518907,0.4052423244207682,20.57940310249803,0.6757176927015514,17.347375179694275,0.7043877611629926,1.083584944931326,0.030237332889955157,380.3901655377043,False,-380.45439020348425
0.07,0.006,0.17041311918318058,0.00329771593990901,0.2738583145605245,5.635882289441122,0.5832922407702709,0.4862832045685531,20.579555156049622,0.8336870792698826,17.347496358077212,0.8655821930098352,1.0835849449328414,0.030237167923547855,380.2933213387401,False,-380.35759567458723
0.07,0.007,0.17041311938281,0.003297715938603441,0.2738577855493476,5.635913043836231,0.5687116961083056,0.5673240847163379,20.57970721018867,0.9975600793838703,17.347617536849196,1.0328457194114693,1.0835849449343569,0.030237002958940943,380.24537762359506,False,-380.3097016295129
0.07,0.008,0.17041311958243946,0.0032977159372978727,0.2738572565381707,5.635943798231339,0.5555712972663978,0.6483649648641228,20.579859264915154,1.1670238690412926,17.347738716010234,1.2058683706332474,1.083584944935872,0.03023683799613441,380.2520845052802,True,-380.3164581812725
0.07,0.009000000000000001,0.17041311978206886,0.0032977159359923037,0.27385672752699386,5.635974552626447,0.5435936425752457,0.7294058450119076,20.580011320229087,1.3418218828983821,17.347859895560333,1.3843951210466292,1.0835849449373876,0.030236673035128205,380.3189921874269,True,-380.3834155334971
0.07,0.01,0.1704131199816983,0.003297715934686735,0.27385619851581705,5.636005307021555,0.5325745197000129,0.8104467251596925,20.58016337613047,1.5217527222597829,17.34798107549949,1.568226145265416,1.0835849449389028,0.030236508075922316,380.45151716340416,True,-380.515990179556
0.07,0.011,0.17041312018132773,0.0032977159333811663,0.2738556695046402,5.636036061416663,0.5223621644377354,0.8914876053074772,20.58031543261932,1.7066465873673342,17.34810225582771,1.7571928824180552,1.0835849449404182,0.030236343118516706,380.6549879171102,True,-380.7195106033472
0.07,0.012,0.17041312038095718,0.003297715932075597,0.27385514049346327,5.636066815811771,0.51284903692045,0.9725284854552622,20.58046748969563,1.8963250692544693,17.348223436544984,1.9511164538108299,1.0835849449419337,0.03023617816291135,380.9346189353695,True,-380.9991912916953
0.07,0.013000000000000001,0.1704131205805866,0.0032977159307700293,0.2738546114822865,5.6360975702068785,0.5039335549200059,1.053569365603047,20.580619547359394,2.090691035190716,17.348344617651332,2.149902096695329,1.083584944943449,0.030236013209106207,381.2956590994701,True,-381.36028112588826
0.07,0.014,0.17041312078021606,0.00329771592946446,0.27385408247110954,5.6361283246019855,0.49555195967564036,1.1346102457508318,20.580771605610636,2.2895888586405344,17.34846579914674,2.353393056364519,1.083584944944964,0.030235848257101267,381.7431984211374,True,-381.8078701176516
0.075,0.0,0.18258548355578988,0.0032223194296335097,0.2671229318813031,6.038247603289794,0.7896525179551537,4.0632516261415345e-05,22.604751904912774,5.145619793201611e-05,18.955993326725157,0.014178933072230053,1.0836019398415244,0.030238157748998656,464.4812334253064,False,-464.54545974080446
0.075,0.001,0.18258548375541933,0.0032223194284358493,0.2671224345283222,6.038278357684902,0.7116945813873157,0.08108151266404626,22.60490912471322,0.11392739917450667,18.95611781069328,0.1310389318578047,1.0836019398430312,0.030238003771893555,464.25500909722814,False,-464.31928510477195
0.075,0.002,0.18258548395504878,0.003222319427238188,0.26712193717534133,6.03830911208001,0.6697330078039726,0.1621223928118311,22.60506634509911,0.24207018457015225,18.956242295044987,0.2619640864481721,1.0836019398445382,0.030237849796356936,464.0306075365048,False,-464.0949332360975
0.075,0.003,0.18258548415467823,0.003222319426040528,0.2671214398223605,6.038339866475118,0.6411976451840842,0.24316327295961598,22.60522356607046,0.37923294757235865,18.956366779780282,0.4019217675782806,1.0836019398460455,0.030237695822388763,463.8263240310831,False,-463.8906994227279
0.075,0.004,0.18258548435430766,0.003222319424842866,0.2671209424693797,6.038370620870226,0.6186465752958363,0.3242041531074008,22.605380787627265,0.5240539042059129,18.95649126489917,0.5496589371010534,1.0836019398475527,0.03023754184998902,463.6510941137816,False,-463.71551919748157
0.075,0.005,0.18258548455393708,0.0032223194236452057,0.26712044511639876,6.038401375265334,0.5997207622231354,0.4052450332551857,22.605538009769543,0.6757228676775531,18.956615750401653,0.7043930410810147,1.0836019398490595,0.030237387879157678,463.51222660975213,False,-463.5767013855105
0.075,0.006,0.18258548475356656,0.0032223194224475457,0.2671199477634179,6.038432129660442,0.5832917240274353,0.4862859134029705,22.605695232497283,0.8336924618873849,18.95674023628773,0.8655876862680907,1.0836019398505667,0.030237233909894724,463.4162226456874,False,-463.4807471135072
0.075,0.007,0.182585484953196,0.003222319421249885,0.26711945041043705,6.03846288405555,0.5687112368471544,0.5673267935507553,22.605852455810492,0.9975656480711104,18.956864722557402,1.0328514040321084,1.0836019398520738,0.03023707994220012,463.3691193717006,False,-463.433693531585
0.075,0.008,0.1825854851528254,0.0032223194200522234,0.26711895305745614,6.038493638450658,0.5555708762285783,0.6483676736985402,22.606009679709178,1.167029629234527,18.95698920921067,1.2058742528812956,1.083601939853581,0.03023692597607385,463.37666688729786,True,-463.44129073925
0.075,0.009000000000000001,0.18258548535245483,0.0032223194188545634,0.26711845570447534,6.038524392845765,0.5435932580022924,0.7294085538463251,22.606166904193326,1.34182781539069,18.957113696247536,1.3844011811759283,1.083601939855088,0.03023677201151589,463.44441539210027,True,-463.5090889361233
0.075,0.01,0.1825854855520843,0.0032223194176569025,0.26711795835149443,6.038555147240873,0.5325741648419597,0.8104494339941098,22.606324129262973,1.5217588225193153,18.95723818366801,1.5682323788734998,1.0836019398565953,0.030236618048526214,463.577781375363,True,-463.64250461146
0.075,0.011,0.1825854857517137,0.003222319416459242,0.26711746099851363,6.038585901635981,0.5223618332205828,0.8914903141418946,22.606481354918092,1.7066528552545197,18.957362671472083,1.7571992896453168,1.0836019398581023,0.030236464087104797,463.7820933246348,True,-463.846866252809
0.075,0.012,0.18258548595134316,0.0032223194152615807,0.2671169636455327,6.038616656031088,0.5128487286471299,0.9725311942896795,22.6066385811587,1.8963314910717781,18.95748715965976,1.9511230205619499,1.0836019398596093,0.030236310127251625,464.0625657071457,True,-464.12738832740024
0.075,0.013000000000000001,0.1825854861509726,0.0032223194140639207,0.26711646629255187,6.038647410426197,0.5039332642359263,1.0535720744374644,22.6067958079848,2.090697616548313,18.957611648231047,2.149908829060222,1.0836019398611165,0.030236156168966653,464.4244474307683,True,-464.4893197431062
0.075,0.014,0.18258548635060204,0.00322231941286626,0.267115968939571,6.038678164821305,0.4955516861616957,1.1346129545852492,22.60695303539639,2.289595588652743,18.957736137185943,2.3533999431448502,1.0836019398626235,0.03023600221224988,464.87282847625,True,-464.93775048067454
0.08,0.0,0.1947578491261759,0.0031533696696198436,0.2608635240594277,6.440797443509114,0.7896498091207362,4.334135067884304e-05,24.690295305685595,5.4886799411884816e-05,20.602599329600043,0.014182451115074964,1.0836188308220274,0.030238157748998663,558.6123258692052,False,-558.6768021847032
0.08,0.001,0.19475784932580534,0.0031533696685240717,0.26086305682137956,6.440828197904222,0.7116926763303779,0.08108422149846367,24.690457423852152,0.11393151032064731,20.60272690201352,0.131043140544831,1.0836188308235242,0.030238013395416676,558.3869880902866,False,-558.4515141170775
0.08,0.002,0.1947578495254348,0.0031533696674282997,0.2608625895833313,6.44085895229933,0.6697319063188233,0.16212510164624852,24.69061954259947,0.242074627349573,20.6028544748036,0.26196862118262393,1.0836188308250208,0.03023786904321324,558.1634741155116,False,-558.228049853598
0.08,0.003,0.1947578497250642,0.003153369666332528,0.26086212234528317,6.4408897066944375,0.6411968134683239,0.24316598179403337,24.690781661927527,0.37923766414045934,20.60298204797028,0.4019265792260392,1.0836188308265173,0.030237724692388324,557.9600785385724,False,-558.0247039879571
0.08,0.004,0.19475784992469367,0.003153369665236757,0.260861655107235,6.440920461089545,0.618645892808346,0.32420686194181825,24.690943781836342,0.5240588609908636,20.603109621513568,0.5496639936373087,1.0836188308280141,0.030237580342941918,557.7857368190789,False,-557.8504119797648
0.08,0.005,0.19475785012432312,0.003153369664140985,0.26086118786918683,6.440951215484654,0.5997201780943802,0.40524774208960307,24.69110590232592,0.6757280426636355,20.603237195433465,0.7043983210094741,1.083618830829511,0.030237435994873996,557.6477577463384,False,-557.7124826183281
0.08,0.006,0.19475785032395254,0.003153369663045213,0.26086072063113863,6.440981969879761,0.5832912072845997,0.4862886222373879,24.691268023396255,0.8336978445144243,20.603364769729968,0.8655931795362268,1.0836188308310073,0.03023729164818454,557.5526424244514,False,-557.6174170077477
0.08,0.007,0.19475785052358197,0.003153369661949441,0.26086025339309044,6.44101272427487,0.5687107775860032,0.5673295023851728,24.691430145047356,0.9975712167673444,20.603492344403087,1.0328570886620723,1.0836188308325043,0.030237147302873524,557.5064279987563,False,-557.5712522933621
0.08,0.008,0.1947578507232114,0.00315336966085367,0.2608597861550423,6.441043478669978,0.5555704551907588,0.6483703825329576,24.69159226727922,1.1670353894364924,20.60361991945281,1.2058801351384019,1.0836188308340007,0.03023700295894094,557.5148645552542,True,-557.5797385611721
0.08,0.009000000000000001,0.19475785092284087,0.0031533696597578972,0.26085931891699404,6.441074233065085,0.5435928734293392,0.7294112626807425,24.69175439009186,1.341833747891392,20.60374749487915,1.3844072413139423,1.0836188308354975,0.030236858616386773,557.5835022895571,True,-557.6484260067899
0.08,0.01,0.19475785112247027,0.003153369658662126,0.26085885167894585,6.441104987460193,0.5325738099839067,0.8104521428285273,24.69191651348527,1.5217649227869767,20.60387507068211,1.56823861249003,1.083618830836994,0.030236714275210977,557.7177576868033,True,-557.7827311153537
0.08,0.011,0.19475785132209972,0.0031533696575663543,0.2608583844408977,6.441135741855302,0.5223615020034301,0.891493022976312,24.69207863745946,1.7066591231496542,20.604002646861684,1.757205696880842,1.083618830838491,0.030236569935413554,557.9229592381962,True,-557.987982378067
0.08,0.012,0.19475785152172914,0.003153369656470583,0.2608579172028495,6.441166496250409,0.5128484203738098,0.9725339031240969,24.69224076201442,1.8963379128968074,20.604130223417876,1.9511295873211008,1.0836188308399874,0.030236425596994482,558.2043213913681,True,-558.269394242562
0.08,0.013000000000000001,0.1947578517213586,0.0031533696553748113,0.2608574499648013,6.4411972506455175,0.5039329735518465,1.0535747832718818,24.692402887150177,2.090704197913503,20.604257800350695,2.1499155614330188,1.083618830841484,0.030236281259953732,558.5670930807779,True,-558.6322156432977
0.08,0.014,0.19475785192098802,0.00315336965427904,0.2608569827267531,6.4412280050406245,0.49555141264775115,1.1346156634196667,24.692565012866712,2.28960231867238,20.604385377660122,2.3534068299329203,1.0836188308429808,0.030236136924291297,559.0163642561946,True,-559.0815365300432
