V,lapse_lambda,C0,Delta,w_release,L_beta,L_q,release_gap,mode,variant,timelike,spacelike_points,max_ds2_dt2,min_margin,final_x,lag_final,maxabs_rho_src,min_rho_src,maxabs_j_l,min_nec,max_neg_nec_sum,int_neg_nec_dt,int_neg_rho_dt,maxabs_tidal_radial,maxabs_tidal_angular,max_A,min_A,max_W,min_W,max_S,min_S,max_E,min_E,max_q,min_q
1.01,1.1615,100.0,0.3,0.35,0.7500000000000001,1.1,0.35,shift_first,fixed_V_baseline,False,56,0.020100000000000007,-0.010000000000000009,2.5000000000000036,-3.552713678800501e-15,465.00852667361636,-465.00852667361636,20.953832941151777,-356.12223526483933,651.9758143751083,37.14271825073493,36.660109040437746,213.0155341554268,139.64365613365217,99.90604388037373,1.0,0.9999996932809454,0.0,0.999088948800398,0.999088948800398,0.9992101340582635,4.539786870244589e-05,0.9998930302119844,0.0003353501304664275
1.01,1.1615,100.0,0.3,0.35,0.40000000000000013,1.1,0.7,shift_first,fixed_V_baseline,False,54,0.020100000000000007,-0.010000000000000009,2.5000000000000036,-3.552713678800501e-15,537.6213415520319,-537.6213415520319,8.343986767332641,-303.180850624541,574.1442926333391,39.35627564500499,37.11096371105188,226.62951959681465,118.74659183098962,99.90706666467524,1.0,0.9999996930170536,0.0,0.999088948800398,0.999088948800398,0.9975273768433652,6.144174602207286e-06,0.9999546021312975,0.0003353501304664275
1.01,1.1615,100.0,0.3,0.35,0.10000000000000009,1.1,1.0,shift_first,fixed_V_baseline,False,52,0.020100000000000007,-0.010000000000000009,2.4999999999999996,4.440892098500626e-16,562.8635582235106,-562.8635582235106,29.28344639008372,-352.48672815233965,618.9914758327001,81.5862600589221,75.4237431904914,244.85850507353578,126.62231628837158,99.9069426560607,1.0,0.9999996920023368,0.0,0.999088948800398,0.999088948800398,0.9975273768433652,1.1065241847241225e-06,0.999991823888527,0.0003353501304664275
1.01,1.1615,100.0,0.3,0.18,0.7500000000000001,1.1,0.35,shift_first,fixed_V_baseline,False,43,0.02010000000000023,-0.010000000000000009,1.8200000000000025,-2.4424906541753444e-15,555.4652835233605,-555.4652835233605,13.872181964366414,-356.2925500250762,675.9538885287836,40.44318271856713,38.86343918548923,222.87473279583565,133.09916905407755,99.99935719216901,1.0,0.9999996932141961,0.0,0.999088948800398,0.999088948800398,0.9999990707516636,6.866227321766782e-06,0.9999999809800573,0.0003353501304664275
1.01,1.1615,100.0,0.3,0.18,0.40000000000000013,1.1,0.7,shift_first,fixed_V_baseline,False,44,0.02010000000000023,-0.010000000000000009,1.8200000000000025,-2.4424906541753444e-15,557.5975381366914,-557.5975381366914,4.49781652667755,-345.74648027763305,673.501694448556,40.191677564127545,39.231308752303015,230.2658442011488,136.02332262450022,99.99935719216901,1.0,0.9999996932141961,0.0,0.999088948800398,0.999088948800398,0.9999546021312975,1.4053940594616066e-07,0.9999999809800573,0.0003353501304664275
1.01,1.1615,100.0,0.3,0.18,0.10000000000000009,1.1,1.0,shift_first,fixed_V_baseline,False,44,0.02010000000000023,-0.010000000000000009,1.8200000000000025,-2.4424906541753444e-15,557.6162377977677,-557.6162377977677,4.361955594701804,-345.4262366501358,673.4046509214644,40.18028453523737,39.2334970845688,230.56705248926914,136.1263224223435,99.99935719216901,1.0,0.9999996932141961,0.0,0.999088948800398,0.999088948800398,0.9987289837369187,5.013602477621504e-09,0.9999999809800573,0.0003353501304664275
1.01,1.1615,100.0,0.1,0.35,0.7500000000000001,1.1,0.35,shift_first,fixed_V_baseline,False,58,0.020100000000000007,-0.010000000000000009,2.5000000000000036,-3.552713678800501e-15,2822.369961972128,-2822.369961972128,74.29021082667816,-819.7334020182236,1607.291160293557,49.671444734248695,109.36081178703289,863.3763026639757,1180.208440989026,99.95075071719046,1.0,1.0,0.0,0.9999999992417439,0.9999999992417439,0.9992101340582635,4.539786870244589e-05,0.9998930302119844,0.0003353501304664275
1.01,1.1615,100.0,0.1,0.35,0.40000000000000013,1.1,0.7,shift_first,fixed_V_baseline,False,55,0.020100000000000007,-0.010000000000000009,2.5000000000000036,-3.552713678800501e-15,4695.762422191194,-4695.762422191194,38.18528160114859,-1947.5884573198073,3742.4357882350187,135.3305902871691,155.62139710234842,1987.4843100073424,954.4275097185802,99.9747162640871,1.0,1.0,0.0,0.9999999992417439,0.9999999992417439,0.9975273768433652,6.144174602207286e-06,0.9999546021312975,0.0003353501304664275
1.01,1.1615,100.0,0.1,0.35,0.10000000000000009,1.1,1.0,shift_first,fixed_V_baseline,False,56,0.020100000000000007,-0.010000000000000009,2.4999999999999996,4.440892098500626e-16,3605.360296751367,-3605.360296751367,87.36277961331037,-2785.841050937241,5324.297166918521,371.01416759820165,242.81571211898452,1722.797318530654,320.3625523123002,99.975672146975,1.0,1.0,0.0,0.9999999992417439,0.9999999992417439,0.9975273768433652,1.1065241847241225e-06,0.999991823888527,0.0003353501304664275
1.01,1.1615,100.0,0.1,0.18,0.7500000000000001,1.1,0.35,shift_first,fixed_V_baseline,False,45,0.020100000000000007,-0.010000000000000009,1.8200000000000025,-2.4424906541753444e-15,3670.0310849190146,-3670.0310849190146,142.37198090572278,-2829.024332424589,5441.438472131843,140.76369710577282,102.45999120176994,1737.4102021664487,405.21419346763156,99.99999123459745,1.0,1.0,0.0,0.9999999992417439,0.9999999992417439,0.9999990707516636,6.866227321766782e-06,0.9999999809800573,0.0003353501304664275
1.01,1.1615,100.0,0.1,0.18,0.40000000000000013,1.1,0.7,shift_first,fixed_V_baseline,False,46,0.020100000000000007,-0.010000000000000009,1.8200000000000025,-2.4424906541753444e-15,3671.574164689888,-3671.574164689888,8.885587400931286,-2734.5617427878697,5433.581135972014,140.58268678816242,103.96658346299574,1755.0696489751426,418.22111582670556,99.99999123459745,1.0,1.0,0.0,0.9999999992417439,0.9999999992417439,0.9999546021312975,1.4053940594616066e-07,0.9999999809800573,0.0003353501304664275
1.01,1.1615,100.0,0.1,0.18,0.10000000000000009,1.1,1.0,shift_first,fixed_V_baseline,False,46,0.020100000000000007,-0.010000000000000009,1.8200000000000025,-2.4424906541753444e-15,3671.5837849638465,-3671.5837849638465,7.29103182769676,-2731.179817202063,5433.195507093339,140.57373464798363,103.97056293618664,1755.7186826942873,418.4814094558535,99.99999123459745,1.0,1.0,0.0,0.9999999992417439,0.9999999992417439,0.9987289837369187,5.013602477621504e-09,0.9999999809800573,0.0003353501304664275
1.01,1.1615,10000.0,0.3,0.35,0.7500000000000001,1.1,0.35,shift_first,fixed_V_baseline,False,56,0.020100000000000007,-0.010000000000000009,2.5000000000000036,-3.552713678800501e-15,668.6847640709556,-668.6847640709556,15.220893833606242,-352.5089676746542,644.1343600148834,44.65693585735151,44.118632917839314,286.30973199820846,157.0430160362792,9981.217603827163,1.0,0.9999996932809454,0.0,0.999088948800398,0.999088948800398,0.9992101340582635,4.539786870244589e-05,0.9998930302119844,0.0003353501304664275
1.01,1.1615,10000.0,0.3,0.35,0.40000000000000013,1.1,0.7,shift_first,fixed_V_baseline,False,54,0.020100000005098595,-0.010000000000000009,2.5000000000000036,-3.552713678800501e-15,574.569442098789,-574.569442098789,10.795263418333066,-401.44766395576835,759.7142742382043,41.11382727064594,44.44497250470064,264.9019183508564,190.55791976874184,9981.421969539864,1.0,0.9999996930170536,0.0,0.999088948800398,0.999088948800398,0.9975273768433652,6.144174602207286e-06,0.9999546021312975,0.0003353501304664275
1.01,1.1615,10000.0,0.3,0.35,0.10000000000000009,1.1,1.0,shift_first,fixed_V_baseline,False,52,0.02019488236485767,-0.010000000000000009,2.4999999999999996,4.440892098500626e-16,680.8556855666848,-680.8556855666848,18.92516482444739,-363.5303537107841,704.245656535301,86.54145184786923,90.32494273910328,260.871513019677,182.99920622246674,9981.397190881404,1.0,0.9999996920023368,0.0,0.999088948800398,0.999088948800398,0.9975273768433652,1.1065241847241225e-06,0.999991823888527,0.0003353501304664275
1.01,1.1615,10000.0,0.3,0.18,0.7500000000000001,1.1,0.35,shift_first,fixed_V_baseline,False,43,0.020100000003631324,-0.010000000000000009,1.8200000000000025,-2.4424906541753444e-15,694.3148085534516,-694.3148085534516,8.933992122098276,-359.6366290063878,692.5900206360641,44.29117593508785,45.742707868093994,295.27387651305935,191.03763595634942,9999.871438847005,1.0,0.9999996932141961,0.0,0.999088948800398,0.999088948800398,0.9999990707516636,6.866227321766782e-06,0.9999999809800573,0.0003353501304664275
1.01,1.1615,10000.0,0.3,0.18,0.40000000000000013,1.1,0.7,shift_first,fixed_V_baseline,False,44,0.020345745542228233,-0.010000000000000009,1.8200000000000025,-2.4424906541753444e-15,694.7339228718224,-694.7339228718224,5.200673312477143,-356.3596220811113,691.916550912314,44.199539797972704,45.87041768676148,298.6577782398369,193.14609937088744,9999.871438847005,1.0,0.9999996932141961,0.0,0.999088948800398,0.999088948800398,0.9999546021312975,1.4053940594616066e-07,0.9999999809800573,0.0003353501304664275
1.01,1.1615,10000.0,0.3,0.18,0.10000000000000009,1.1,1.0,shift_first,fixed_V_baseline,False,44,0.020532459206432208,-0.010000000000000009,1.8200000000000025,-2.4424906541753444e-15,694.7405564130571,-694.7405564130571,5.160819103468955,-356.26800820500745,691.892739996139,44.1959227885104,45.87144574535193,298.7789038084568,193.2204969076596,9999.871438847005,1.0,0.9999996932141961,0.0,0.999088948800398,0.999088948800398,0.9987289837369187,5.013602477621504e-09,0.9999999809800573,0.0003353501304664275
1.01,1.1615,10000.0,0.1,0.35,0.7500000000000001,1.1,0.35,shift_first,fixed_V_baseline,False,58,0.020100000000000007,-0.010000000000000009,2.5000000000000036,-3.552713678800501e-15,1596.9618889690048,-1596.9618889690048,109.81654790545967,-1502.569360416149,2946.1198821422267,90.63323236484565,85.61347489243136,794.0390657378686,739.6636097861241,9990.15256892995,1.0,1.0,0.0,0.9999999992417439,0.9999999992417439,0.9992101340582635,4.539786870244589e-05,0.9998930302119844,0.0003353501304664275
1.01,1.1615,10000.0,0.1,0.35,0.40000000000000013,1.1,0.7,shift_first,fixed_V_baseline,False,55,0.020100000000000007,-0.010000000000000009,2.5000000000000036,-3.552713678800501e-15,4787.934954127688,-4787.934954127688,3.923276504162159,-555.5171167111428,1095.341127405637,35.69950020488238,167.2393701485864,1665.1905402454852,1607.2795344064946,9994.943892084722,1.0,1.0,0.0,0.9999999992417439,0.9999999992417439,0.9975273768433652,6.144174602207286e-06,0.9999546021312975,0.0003353501304664275
1.01,1.1615,10000.0,0.1,0.35,0.10000000000000009,1.1,1.0,shift_first,fixed_V_baseline,False,56,0.02011402046541,-0.010000000000000009,2.4999999999999996,4.440892098500626e-16,5471.804605622241,-5471.804605622241,103.33150518207691,-3295.045867424232,6176.765714120156,424.64098758956413,377.7221848081386,2365.8330430574338,889.5544400182538,9995.135021239434,1.0,1.0,0.0,0.9999999992417439,0.9999999992417439,0.9975273768433652,1.1065241847241225e-06,0.999991823888527,0.0003353501304664275
1.01,1.1615,10000.0,0.1,0.18,0.7500000000000001,1.1,0.35,shift_first,fixed_V_baseline,False,45,0.020100000000000007,-0.010000000000000009,1.8200000000000025,-2.4424906541753444e-15,5568.279519494606,-5568.279519494606,57.85047482808296,-3015.2156654595947,5799.0294316068575,163.22610471531686,143.93955682400772,2396.16410188363,896.8145104273474,9999.998246919567,1.0,1.0,0.0,0.9999999992417439,0.9999999992417439,0.9999990707516636,6.866227321766782e-06,0.9999999809800573,0.0003353501304664275
1.01,1.1615,10000.0,0.1,0.18,0.40000000000000013,1.1,0.7,shift_first,fixed_V_baseline,False,46,0.020187276399630916,-0.010000000000000009,1.8200000000000025,-2.4424906541753444e-15,5570.9610454404165,-5570.9610454404165,9.622102350794774,-2913.569512400932,5788.650615398685,162.98660482649677,144.12097252658614,2410.8092215539114,900.582840285597,9999.998246919567,1.0,1.0,0.0,0.9999999992417439,0.9999999992417439,0.9999546021312975,1.4053940594616066e-07,0.9999999809800573,0.0003353501304664275
1.01,1.1615,10000.0,0.1,0.18,0.10000000000000009,1.1,1.0,shift_first,fixed_V_baseline,False,46,0.020241033375903106,-0.010000000000000009,1.8200000000000025,-2.4424906541753444e-15,5570.978914505527,-5570.978914505527,7.923229291961492,-2909.902629967786,5788.112342767727,162.97418729918655,144.12169731549156,2411.3361194697063,900.7248866654191,9999.998246919567,1.0,1.0,0.0,0.9999999992417439,0.9999999992417439,0.9987289837369187,5.013602477621504e-09,0.9999999809800573,0.0003353501304664275
1.1,1.265,100.0,0.3,0.35,0.7500000000000001,1.1,0.35,shift_first,fixed_V_baseline,False,57,0.21355811957079163,-0.10000000000000009,2.5,0.0,463.9602250297766,-463.9602250297766,22.655394219827603,-356.9966497875032,648.890085033427,33.73724151508924,33.59267672748446,217.16235635122783,141.69693083803782,99.90604388037373,1.0,0.9999996932809454,0.0,0.999088948800398,0.999088948800398,0.9992101340582635,4.539786870244589e-05,0.9998930302119844,0.0003353501304664275
1.1,1.265,100.0,0.3,0.35,0.40000000000000013,1.1,0.7,shift_first,fixed_V_baseline,False,55,0.33922770397181967,-0.10000000000000009,2.5,0.0,537.5240468089355,-537.5240468089355,8.852850506133192,-303.6816634850884,572.4466596350692,35.832330065106035,34.06571707676623,232.8609026539443,120.89267092678762,99.90706666467524,1.0,0.9999996930170536,0.0,0.999088948800398,0.999088948800398,0.9975273768433652,6.144174602207286e-06,0.9999546021312975,0.0003353501304664275
1.1,1.265,100.0,0.3,0.35,0.10000000000000009,1.1,1.0,shift_first,fixed_V_baseline,False,56,0.6862241350230196,-0.10000000000000009,2.500000000000002,-2.220446049250313e-15,562.2084147079555,-562.2084147079555,32.43661886987793,-352.6224784557695,613.1195165554204,74.49879833701989,69.0804563612695,249.23950386093577,128.92805072971308,99.90694265606062,1.0,0.9999996920023368,0.0,0.999088948800398,0.999088948800398,0.9975273768433652,1.1065241847241225e-06,0.999991823888527,0.0003353501304664275
1.1,1.265,100.0,0.3,0.18,0.7500000000000001,1.1,0.35,shift_first,fixed_V_baseline,False,45,0.23234229691048003,-0.10000000000000009,1.819999999999998,1.9984014443252818e-15,555.106418215987,-555.106418215987,15.357000866692347,-356.07546494716627,672.5964768181291,36.854615970773125,35.641123416308666,227.21508497112345,135.1583952974907,99.99935719216901,1.0,0.9999996932141961,0.0,0.999088948800398,0.999088948800398,0.9999990707516637,6.866227321766782e-06,0.9999999809800573,0.0003353501304665385
1.1,1.265,100.0,0.3,0.18,0.40000000000000013,1.1,0.7,shift_first,fixed_V_baseline,False,46,0.7602818397830422,-0.10000000000000009,1.819999999999998,1.9984014443252818e-15,557.5877635554854,-557.5877635554854,4.857223160857011,-344.5702251297659,669.7115576161038,36.58569405995869,36.02085686478409,237.07935400983698,138.55393181267894,99.99935719216901,1.0,0.9999996932141961,0.0,0.999088948800398,0.999088948800398,0.9999546021312975,1.4053940594616066e-07,0.9999999809800573,0.0003353501304665385
1.1,1.265,100.0,0.3,0.18,0.10000000000000009,1.1,1.0,shift_first,fixed_V_baseline,False,46,0.8514746044625561,-0.10000000000000009,1.819999999999998,1.9984014443252818e-15,557.6095247075409,-557.6095247075409,4.710534029740739,-344.2197406911516,669.5973452633403,36.57350624411295,36.023122860679884,237.42971202203833,138.67371517130405,99.99935719216901,1.0,0.9999996932141961,0.0,0.999088948800398,0.999088948800398,0.9987289837369187,5.013602477621504e-09,0.9999999809800573,0.0003353501304665385
1.1,1.265,100.0,0.1,0.35,0.7500000000000001,1.1,0.35,shift_first,fixed_V_baseline,False,58,0.21102033467774062,-0.10000000000000009,2.5,0.0,2810.5989471836515,-2810.5989471836515,84.98154653880381,-820.7491457045852,1606.4920625542306,45.585642663076726,100.09193561529129,892.3730069527555,1197.7651168488783,99.95075071719046,1.0,1.0,0.0,0.9999999992417439,0.9999999992417439,0.9992101340582635,4.539786870244589e-05,0.9998930302119844,0.0003353501304664275
1.1,1.265,100.0,0.1,0.35,0.40000000000000013,1.1,0.7,shift_first,fixed_V_baseline,False,56,0.32305354285220167,-0.10000000000000009,2.5,0.0,4695.450539168202,-4695.450539168202,40.57652523195632,-1918.2698328060897,3674.233564684353,122.30281419835593,142.87980280522186,2040.5119745689196,971.3481621473553,99.9747162640871,1.0,1.0,0.0,0.9999999992417439,0.9999999992417439,0.9975273768433652,6.144174602207286e-06,0.9999546021312975,0.0003353501304664275
1.1,1.265,100.0,0.1,0.35,0.10000000000000009,1.1,1.0,shift_first,fixed_V_baseline,False,57,0.2712178570604462,-0.10000000000000009,2.500000000000002,-2.220446049250313e-15,3605.346431134249,-3605.346431134249,94.54273768273505,-2791.5606550963657,5301.072716925355,339.3881565645983,222.92374523281762,1759.879367129608,326.1633063555129,99.97567214697509,1.0,1.0,0.0,0.9999999992417439,0.9999999992417439,0.9975273768433652,1.1065241847241225e-06,0.999991823888527,0.0003353501304664275
1.1,1.265,100.0,0.1,0.18,0.7500000000000001,1.1,0.35,shift_first,fixed_V_baseline,False,46,0.21527843560520443,-0.10000000000000009,1.819999999999998,1.9984014443252818e-15,3669.7531670668545,-3669.7531670668545,152.879222466879,-2826.7395499423833,5419.353514698994,128.7788109399122,93.92698684877249,1771.9944489394504,411.64925710339855,99.99999123459745,1.0,1.0,0.0,0.9999999992417439,0.9999999992417439,0.9999990707516637,6.866227321766782e-06,0.9999999809800573,0.0003353501304665385
1.1,1.265,100.0,0.1,0.18,0.40000000000000013,1.1,0.7,shift_first,fixed_V_baseline,False,46,0.27231094784793775,-0.10000000000000009,1.819999999999998,1.9984014443252818e-15,3671.5713314315703,-3671.5713314315703,9.60528723406482,-2724.26353212275,5410.10591530924,128.58321524061427,95.45976740259152,1792.7861581076827,425.71474063496134,99.99999123459745,1.0,1.0,0.0,0.9999999992417439,0.9999999992417439,0.9999546021312975,1.4053940594616066e-07,0.9999999809800573,0.0003353501304665385
1.1,1.265,100.0,0.1,0.18,0.10000000000000009,1.1,1.0,shift_first,fixed_V_baseline,False,46,0.274337358782514,-0.10000000000000009,1.819999999999998,1.9984014443252818e-15,3671.5826667102874,-3671.5826667102874,7.881835989701215,-2720.58948778109,5409.651631603376,128.57354402062384,95.46382445714251,1793.5508005518059,426.00183960578585,99.99999123459745,1.0,1.0,0.0,0.9999999992417439,0.9999999992417439,0.9987289837369187,5.013602477621504e-09,0.9999999809800573,0.0003353501304665385
1.1,1.265,10000.0,0.3,0.35,0.7500000000000001,1.1,0.35,shift_first,fixed_V_baseline,False,57,0.3072065238133903,-0.10000000000000009,2.5,0.0,668.4702174797002,-668.4702174797002,16.414382459172003,-352.7007400821885,639.7439503276888,40.859531870172134,40.472389103895466,289.6179227886129,158.20297105691233,9981.217603827163,1.0,0.9999996932809454,0.0,0.999088948800398,0.999088948800398,0.9992101340582635,4.539786870244589e-05,0.9998930302119844,0.0003353501304664275
1.1,1.265,10000.0,0.3,0.35,0.40000000000000013,1.1,0.7,shift_first,fixed_V_baseline,False,55,0.8441292225627821,-0.10000000000000009,2.5,0.0,574.5373801309369,-574.5373801309369,11.694465245054877,-401.85369238878377,756.9295237973481,37.65881800612985,40.802499915394534,267.9761467584596,192.3070726962293,9981.421969539864,1.0,0.9999996930170536,0.0,0.999088948800398,0.999088948800398,0.9975273768433652,6.144174602207286e-06,0.9999546021312975,0.0003353501304664275
1.1,1.265,10000.0,0.3,0.35,0.10000000000000009,1.1,1.0,shift_first,fixed_V_baseline,False,56,5.697317201759461,-0.10000000000000009,2.500000000000002,-2.220446049250313e-15,679.9269095231839,-679.9269095231839,20.435440292155548,-363.96888699594444,703.163247445752,78.96518663477856,82.85138481603124,264.9655288943918,184.25754977264307,9981.397190881386,1.0,0.9999996920023368,0.0,0.999088948800398,0.999088948800398,0.9975273768433652,1.1065241847241225e-06,0.999991823888527,0.0003353501304664275
1.1,1.265,10000.0,0.3,0.18,0.7500000000000001,1.1,0.35,shift_first,fixed_V_baseline,False,45,0.43576945503111375,-0.10000000000000009,1.819999999999998,1.9984014443252818e-15,694.2300735522429,-694.2300735522429,9.628604249990326,-360.05739675523915,691.1391719968213,40.527004947284645,41.9819888401697,298.7388876354992,192.5261589151007,9999.871438847005,1.0,0.9999996932141961,0.0,0.999088948800398,0.999088948800398,0.9999990707516637,6.866227321766782e-06,0.9999999809800573,0.0003353501304665385
1.1,1.265,10000.0,0.3,0.18,0.40000000000000013,1.1,0.7,shift_first,fixed_V_baseline,False,46,7.661376651471244,-0.10000000000000009,1.819999999999998,1.9984014443252818e-15,694.7235034452993,-694.7235034452993,5.647414230479996,-356.46616676112365,690.3426766003273,40.427917879445985,42.116706876108786,302.72083587841047,194.97451039675826,9999.871438847005,1.0,0.9999996932141961,0.0,0.999088948800398,0.999088948800398,0.9999546021312975,1.4053940594616066e-07,0.9999999809800573,0.0003353501304665385
1.1,1.265,10000.0,0.3,0.18,0.10000000000000009,1.1,1.0,shift_first,fixed_V_baseline,False,46,8.580328126490187,-0.10000000000000009,1.819999999999998,1.9984014443252818e-15,694.7313132179518,-694.7313132179518,5.604134635587075,-356.36552622107706,690.3145138998058,40.42400587815682,42.11779753112424,302.86340894813526,195.06103112303563,9999.871438847005,1.0,0.9999996932141961,0.0,0.999088948800398,0.999088948800398,0.9987289837369187,5.013602477621504e-09,0.9999999809800573,0.0003353501304665385
1.1,1.265,10000.0,0.1,0.35,0.7500000000000001,1.1,0.35,shift_first,fixed_V_baseline,False,58,0.22330575269661512,-0.10000000000000009,2.5,0.0,1596.9503648693078,-1596.9503648693078,119.2778546262192,-1504.3530133834245,2944.4969415913815,83.17348684508886,78.44718681590355,801.4604269869868,745.1833512024212,9990.15256892995,1.0,1.0,0.0,0.9999999992417439,0.9999999992417439,0.9992101340582635,4.539786870244589e-05,0.9998930302119844,0.0003353501304664275
1.1,1.265,10000.0,0.1,0.35,0.40000000000000013,1.1,0.7,shift_first,fixed_V_baseline,False,56,0.7597615827254387,-0.10000000000000009,2.5,0.0,4787.53469131713,-4787.53469131713,4.271443166171647,-556.1175672223876,1095.1493617800888,32.60391228125678,153.54467829776817,1694.9743918458116,1621.7438550769982,9994.943892084722,1.0,1.0,0.0,0.9999999992417439,0.9999999992417439,0.9975273768433652,6.144174602207286e-06,0.9999546021312975,0.0003353501304664275
1.1,1.265,10000.0,0.1,0.35,0.10000000000000009,1.1,1.0,shift_first,fixed_V_baseline,False,57,0.3888339262515803,-0.10000000000000009,2.500000000000002,-2.220446049250313e-15,5471.772000805641,-5471.772000805641,111.72231314030083,-3298.8106316030758,6150.732010644948,388.0522936831272,346.77277594333174,2395.835821860514,897.7395633481921,9995.13502123945,1.0,1.0,0.0,0.9999999992417439,0.9999999992417439,0.9975273768433652,1.1065241847241225e-06,0.999991823888527,0.0003353501304664275
1.1,1.265,10000.0,0.1,0.18,0.7500000000000001,1.1,0.35,shift_first,fixed_V_baseline,False,46,0.3085604386020693,-0.10000000000000009,1.819999999999998,1.9984014443252818e-15,5567.795226712296,-5567.795226712296,62.44299580361577,-3008.751655237447,5767.731327260431,149.2061490389508,132.14073217159597,2424.0673838242055,904.4274490438348,9999.998246919567,1.0,1.0,0.0,0.9999999992417439,0.9999999992417439,0.9999990707516637,6.866227321766782e-06,0.9999999809800573,0.0003353501304665385
1.1,1.265,10000.0,0.1,0.18,0.40000000000000013,1.1,0.7,shift_first,fixed_V_baseline,False,46,0.3903056303242365,-0.10000000000000009,1.819999999999998,1.9984014443252818e-15,5570.954787876765,-5570.954787876765,10.388879997354762,-2898.536275287523,5755.517030585627,148.9473458851384,132.3290901944641,2441.3103418972873,908.8638711110242,9999.998246919567,1.0,1.0,0.0,0.9999999992417439,0.9999999992417439,0.9999546021312975,1.4053940594616066e-07,0.9999999809800573,0.0003353501304665385
1.1,1.265,10000.0,0.1,0.18,0.10000000000000009,1.1,1.0,shift_first,fixed_V_baseline,False,46,0.3932101025952428,-0.10000000000000009,1.819999999999998,1.9984014443252818e-15,5570.975842457372,-5570.975842457372,8.555242858007166,-2894.5519498189706,5754.882928205912,148.93391412359526,132.32985364627427,2441.931087845586,909.031208069539,9999.998246919567,1.0,1.0,0.0,0.9999999992417439,0.9999999992417439,0.9987289837369187,5.013602477621504e-09,0.9999999809800573,0.0003353501304665385
1.25,1.4375,100.0,0.3,0.35,0.7500000000000001,1.1,0.35,shift_first,fixed_V_baseline,False,58,0.8615474824062721,-0.25,2.5000000000000036,-3.552713678800501e-15,462.07169221358754,-462.07169221358754,25.44180969055257,-358.6677003794289,644.2601194648907,29.20596328700094,29.456245017017917,223.22753467880597,144.62363717598183,99.90604388037373,1.0,0.9999996932809454,0.0,0.999088948800398,0.999088948800398,0.9992101340582635,4.539786870244589e-05,0.9998930302119844,0.0003353501304664275
1.25,1.4375,100.0,0.3,0.35,0.40000000000000013,1.1,0.7,shift_first,fixed_V_baseline,False,56,3.101761906547594,-0.25,2.4999999999999982,1.7763568394002505e-15,537.3472656352311,-537.3472656352311,9.846819854510011,-304.6055547452634,569.8238300724868,31.12716771658964,29.964032991382958,242.29562607131888,124.1125650599035,99.90706666467534,1.0,0.9999996930170536,0.0,0.999088948800398,0.999088948800398,0.9975273768433652,6.144174602207286e-06,0.9999546021312975,0.0003353501304664275
1.25,1.4375,100.0,0.3,0.35,0.10000000000000009,1.1,1.0,shift_first,fixed_V_baseline,False,57,6.551074655756111,-0.25,2.499999999999997,3.1086244689504383e-15,561.0106389743304,-561.0106389743304,37.708328660470755,-353.3022606256867,604.4689288908073,65.01395117961786,60.52267405383999,256.5602984544196,132.3916872413395,99.9069426560607,1.0,0.9999996920023368,0.0,0.999088948800398,0.999088948800398,0.9975273768433652,1.1065241847241225e-06,0.999991823888527,0.0003353501304664275
1.25,1.4375,100.0,0.3,0.18,0.7500000000000001,1.1,0.35,shift_first,fixed_V_baseline,False,46,0.975530490753719,-0.25,1.8199999999999994,4.440892098500626e-16,554.4561847508306,-554.4561847508306,17.837767964981655,-355.96492096445684,667.5575611900158,32.06547805235641,31.298676855116614,234.45570088239967,138.1278806832979,99.99935719216901,1.0,0.9999996932141961,0.0,0.999088948800398,0.999088948800398,0.9999990707516637,6.866227321711271e-06,0.9999999809800573,0.0003353501304665385
1.25,1.4375,100.0,0.3,0.18,0.40000000000000013,1.1,0.7,shift_first,fixed_V_baseline,False,47,9.556982268908229,-0.25,1.8199999999999994,4.440892098500626e-16,557.5700528443092,-557.5700528443092,5.4496475723529745,-342.83814788477497,663.877705480138,31.76816890265662,31.69738642797346,247.4769256086224,142.3751517824622,99.99935719216901,1.0,0.9999996932141961,0.0,0.999088948800398,0.999088948800398,0.9999546021312975,1.4053940594616066e-07,0.9999999809800573,0.0003353501304665385
1.25,1.4375,100.0,0.3,0.18,0.10000000000000009,1.1,1.0,shift_first,fixed_V_baseline,False,47,11.49842803697915,-0.25,1.8199999999999994,4.440892098500626e-16,557.5973611580629,-557.5973611580629,5.285114760996813,-342.43619834901114,663.7319376540349,31.75468187895315,31.699777393999728,247.91628594540705,142.52531991280057,99.99935719216901,1.0,0.9999996932141961,0.0,0.999088948800398,0.999088948800398,0.9987289837369187,5.013602477621504e-09,0.9999999809800573,0.0003353501304665385
1.25,1.4375,100.0,0.1,0.35,0.7500000000000001,1.1,0.35,shift_first,fixed_V_baseline,False,59,0.5800015182856535,-0.25,2.5000000000000036,-3.552713678800501e-15,2789.6780490180604,-2789.6780490180604,103.15563658155817,-822.4999298463594,1605.282196389403,40.08633887632373,87.57856408360395,934.4594973781748,1222.984096717547,99.95075071719046,1.0,1.0,0.0,0.9999999992417439,0.9999999992417439,0.9992101340582635,4.539786870244589e-05,0.9998930302119844,0.0003353501304664275
1.25,1.4375,100.0,0.1,0.35,0.40000000000000013,1.1,0.7,shift_first,fixed_V_baseline,False,56,1.0738545349962996,-0.25,2.4999999999999982,1.7763568394002505e-15,4694.883108147595,-4694.883108147595,44.41685713738582,-1874.9474668607768,3572.2275051720108,105.05280565181693,125.71992176110199,2120.816658427452,996.6133344007143,99.97471626408719,1.0,1.0,0.0,0.9999999992417439,0.9999999992417439,0.9975273768433652,6.144174602207286e-06,0.9999546021312975,0.0003353501304664275
1.25,1.4375,100.0,0.1,0.35,0.10000000000000009,1.1,1.0,shift_first,fixed_V_baseline,False,57,0.7609622918201913,-0.25,2.499999999999997,3.1086244689504383e-15,3605.3209098870343,-3605.3209098870343,106.41130171665469,-2802.528867996971,5266.208694008072,296.9945300488677,196.13198667139912,1815.8110720791663,334.86944923808176,99.975672146975,1.0,1.0,0.0,0.9999999992417439,0.9999999992417439,0.9975273768433652,1.1065241847241225e-06,0.999991823888527,0.0003353501304664275
1.25,1.4375,100.0,0.1,0.18,0.7500000000000001,1.1,0.35,shift_first,fixed_V_baseline,False,46,0.6886309657433649,-0.25,1.8199999999999994,4.440892098500626e-16,3669.2416246827265,-3669.2416246827265,169.9502289586542,-2824.8557283552755,5386.680212453661,112.71603439620192,82.43075962320013,1823.1138216934214,421.1355826296938,99.99999123459745,1.0,1.0,0.0,0.9999999992417439,0.9999999992417439,0.9999990707516637,6.866227321711271e-06,0.9999999809800573,0.0003353501304665385
1.25,1.4375,100.0,0.1,0.18,0.40000000000000013,1.1,0.7,shift_first,fixed_V_baseline,False,47,8.255460898021965,-0.25,1.8199999999999994,4.440892098500626e-16,3671.5661164674493,-3671.5661164674493,10.793216479433825,-2709.0251073037402,5374.877348689746,112.49636463830032,84.0039008960212,1849.665250290703,436.9337373189431,99.99999123459745,1.0,1.0,0.0,0.9999999992417439,0.9999999992417439,0.9999546021312975,1.4053940594616066e-07,0.9999999809800573,0.0003353501304665385
1.25,1.4375,100.0,0.1,0.18,0.10000000000000009,1.1,1.0,shift_first,fixed_V_baseline,False,47,9.297242483132422,-0.25,1.8199999999999994,4.440892098500626e-16,3671.580608425802,-3671.580608425802,8.857055996851383,-2704.8624766790062,5374.296729370608,112.48550340583103,84.00807872080189,1850.6426516958077,437.26622325461176,99.99999123459745,1.0,1.0,0.0,0.9999999992417439,0.9999999992417439,0.9987289837369187,5.013602477621504e-09,0.9999999809800573,0.0003353501304665385
1.25,1.4375,10000.0,0.3,0.35,0.7500000000000001,1.1,0.35,shift_first,fixed_V_baseline,False,58,3.086266132408161,-0.25,2.5000000000000036,-3.552713678800501e-15,668.0755791273926,-668.0755791273926,18.377635363768153,-353.32182020785547,633.1330989606383,35.763785110296396,35.557989609397765,294.4543525104263,159.85669325883765,9981.217603827163,1.0,0.9999996932809454,0.0,0.999088948800398,0.999088948800398,0.9992101340582635,4.539786870244589e-05,0.9998930302119844,0.0003353501304664275
1.25,1.4375,10000.0,0.3,0.35,0.40000000000000013,1.1,0.7,shift_first,fixed_V_baseline,False,56,43.63946531921161,-0.25,2.4999999999999982,1.7763568394002505e-15,574.4782089505788,-574.4782089505788,13.18285175941287,-402.6799308683825,752.6284546991136,33.01451180238788,35.89655718405522,272.6059072983907,194.9311241769351,9981.421969539882,1.0,0.9999996930170536,0.0,0.999088948800398,0.999088948800398,0.9975273768433652,6.144174602207286e-06,0.9999546021312975,0.0003353501304664275
1.25,1.4375,10000.0,0.3,0.35,0.10000000000000009,1.1,1.0,shift_first,fixed_V_baseline,False,57,831.4629523915901,-0.25,2.499999999999997,3.1086244689504383e-15,678.2288611101765,-678.2288611101765,22.919055543893485,-364.7907230801481,701.5534094443985,68.82948619425215,72.77819110309926,271.17992805032014,186.0017660731677,9981.397190881404,1.0,0.9999996920023368,0.0,0.999088948800398,0.999088948800398,0.9975273768433652,1.1065241847241225e-06,0.999991823888527,0.0003353501304664275
1.25,1.4375,10000.0,0.3,0.18,0.7500000000000001,1.1,0.35,shift_first,fixed_V_baseline,False,46,3.7824870962249975,-0.25,1.8199999999999994,4.440892098500626e-16,694.0742680703154,-694.0742680703154,10.770208106691186,-360.8081204593258,688.8342348519425,35.47319549600601,36.915598931119085,303.81220892630034,194.67259952336605,9999.871438847005,1.0,0.9999996932141961,0.0,0.999088948800398,0.999088948800398,0.9999990707516637,6.866227321711271e-06,0.9999999809800573,0.0003353501304665385
1.25,1.4375,10000.0,0.3,0.18,0.40000000000000013,1.1,0.7,shift_first,fixed_V_baseline,False,47,674.8242083618625,-0.25,1.8199999999999994,4.440892098500626e-16,694.7043448479452,-694.7043448479452,6.389194949161721,-356.683501581124,687.8102233656011,35.361801018546906,37.061618830734005,308.89311672511707,197.73508853565113,9999.871438847005,1.0,0.9999996932141961,0.0,0.999088948800398,0.999088948800398,0.9999546021312975,1.4053940594616066e-07,0.9999999809800573,0.0003353501304665385
1.25,1.4375,10000.0,0.3,0.18,0.10000000000000009,1.1,1.0,shift_first,fixed_V_baseline,False,47,811.9108500079619,-0.25,1.8199999999999994,4.440892098500626e-16,694.7143174022152,-694.7143174022152,6.340227426481968,-356.56746083663666,687.7740119673454,35.357401616187765,37.06281101307925,309.075115628848,197.84355704519183,9999.871438847005,1.0,0.9999996932141961,0.0,0.999088948800398,0.999088948800398,0.9987289837369187,5.013602477621504e-09,0.9999999809800573,0.0003353501304665385
1.25,1.4375,10000.0,0.1,0.35,0.7500000000000001,1.1,0.35,shift_first,fixed_V_baseline,False,59,3.0766905343507176,-0.25,2.5000000000000036,-3.552713678800501e-15,1596.9290017681742,-1596.9290017681742,134.94115949433564,-1507.4449989102038,2942.0421947233917,73.13367684569346,68.78083308109065,812.4962062264136,753.1126055675381,9990.15256892995,1.0,1.0,0.0,0.9999999992417439,0.9999999992417439,0.9992101340582635,4.539786870244589e-05,0.9998930302119844,0.0003353501304664275
1.25,1.4375,10000.0,0.1,0.35,0.40000000000000013,1.1,0.7,shift_first,fixed_V_baseline,False,56,2.5255052581144577,-0.25,2.4999999999999982,1.7763568394002505e-15,4786.806464647599,-4786.806464647599,4.851476077655301,-557.1262049595649,1094.8465056085086,28.68379650947042,135.10095157162252,1739.9142869567513,1643.3413404551823,9994.94389208474,1.0,1.0,0.0,0.9999999992417439,0.9999999992417439,0.9975273768433652,6.144174602207286e-06,0.9999546021312975,0.0003353501304664275
1.25,1.4375,10000.0,0.1,0.35,0.10000000000000009,1.1,1.0,shift_first,fixed_V_baseline,False,57,1.0909604509997037,-0.25,2.499999999999997,3.1086244689504383e-15,5471.711987928163,-5471.711987928163,125.57485974754879,-3307.2205527854317,6112.141666580668,339.06156265904417,305.08728566787414,2441.057933627821,910.0239384573061,9995.135021239434,1.0,1.0,0.0,0.9999999992417439,0.9999999992417439,0.9975273768433652,1.1065241847241225e-06,0.999991823888527,0.0003353501304664275
1.25,1.4375,10000.0,0.1,0.18,0.7500000000000001,1.1,0.35,shift_first,fixed_V_baseline,False,46,0.9870207028743763,-0.25,1.8199999999999994,4.440892098500626e-16,5566.903825592733,-5566.903825592733,70.00720893785531,-3000.70565206877,5721.3824683861185,130.4342609598413,116.24973993258257,2465.2563149943226,915.6252106987499,9999.998246919567,1.0,1.0,0.0,0.9999999992417439,0.9999999992417439,0.9999990707516637,6.866227321711271e-06,0.9999999809800573,0.0003353501304665385
1.25,1.4375,10000.0,0.1,0.18,0.40000000000000013,1.1,0.7,shift_first,fixed_V_baseline,False,47,353.8316669628625,-0.25,1.8199999999999994,4.440892098500626e-16,5570.943270052571,-5570.943270052571,11.65233418877862,-2876.202138686306,5705.794940617499,130.14360209970334,116.44933399050542,2487.2763549237125,921.2900398309039,9999.998246919567,1.0,1.0,0.0,0.9999999992417439,0.9999999992417439,0.9999546021312975,1.4053940594616066e-07,0.9999999809800573,0.0003353501304665385
1.25,1.4375,10000.0,0.1,0.18,0.10000000000000009,1.1,1.0,shift_first,fixed_V_baseline,False,47,398.482755427126,-0.25,1.8199999999999994,4.440892098500626e-16,5570.970187970775,-5570.970187970775,9.596749074238764,-2871.685746544485,5704.984496792014,130.12849443200142,116.45016072154769,2488.0698109555447,921.5039159636625,9999.998246919567,1.0,1.0,0.0,0.9999999992417439,0.9999999992417439,0.9987289837369187,5.013602477621504e-09,0.9999999809800573,0.0003353501304665385
1.5,1.7249999999999999,100.0,0.3,0.35,0.7500000000000001,1.1,0.35,shift_first,fixed_V_baseline,False,58,2.7782963471772364,-0.5,2.5000000000000027,-2.6645352591003757e-15,458.54585203267266,-458.54585203267266,29.96495273062129,-361.8937499804689,637.6314094790438,23.76444448236565,24.388250260150134,231.45607872978547,148.4151618712768,99.90604388037373,1.0,0.9999996932809454,0.0,0.999088948800398,0.999088948800398,0.9992101340582635,4.539786870244589e-05,0.9998930302119844,0.0003353501304664275
1.5,1.7249999999999999,100.0,0.3,0.35,0.40000000000000013,1.1,0.7,shift_first,fixed_V_baseline,False,57,10.178815828426988,-0.5,2.5000000000000027,-2.6645352591003757e-15,537.0130800386128,-537.0130800386128,11.692569474781049,-306.31814090800714,565.8660039168901,25.44685738150136,24.949199434828945,255.93802867194975,128.72121980084708,99.90706666467524,1.0,0.9999996930170536,0.0,0.999088948800398,0.999088948800398,0.9975273768433652,6.144174602151775e-06,0.9999546021312975,0.0003353501304664275
1.5,1.7249999999999999,100.0,0.3,0.35,0.10000000000000009,1.1,1.0,shift_first,fixed_V_baseline,False,57,51.93587683136221,-0.5,2.5000000000000013,-1.3322676295501878e-15,558.725786053506,-558.725786053506,46.52122825993125,-355.38807286283856,592.5045982983066,53.52642819905354,50.029272207512186,269.6496543653764,137.35903717588636,99.9069426560607,1.0,0.9999996920023368,0.0,0.999088948800398,0.999088948800398,0.9975273768433652,1.1065241847241225e-06,0.999991823888527,0.0003353501304664275
1.5,1.7249999999999999,100.0,0.3,0.18,0.7500000000000001,1.1,0.35,shift_first,fixed_V_baseline,False,46,4.701895549859321,-0.5,1.8199999999999985,1.5543122344752192e-15,553.2319737069301,-553.2319737069301,21.98096208388506,-356.3062048770454,660.3409882261377,26.289337457384725,25.98453426646956,244.7925249236751,142.0635656205622,99.99935719216901,1.0,0.9999996932141961,0.0,0.999088948800398,0.999088948800398,0.9999990707516636,6.866227321711271e-06,0.9999999809800573,0.0003353501304664275
1.5,1.7249999999999999,100.0,0.3,0.18,0.40000000000000013,1.1,0.7,shift_first,fixed_V_baseline,False,48,39.08525687291505,-0.5,1.8199999999999985,1.5543122344752192e-15,557.5367084389918,-557.5367084389918,6.421165533870478,-340.409371851482,655.1340815674821,25.946225782591842,26.41300638614275,262.7201907975417,147.9079014306074,99.99935719216901,1.0,0.9999996932141961,0.0,0.999088948800398,0.999088948800398,0.9999546021312975,1.4053940594616066e-07,0.9999999809800573,0.0003353501304664275
1.5,1.7249999999999999,100.0,0.3,0.18,0.10000000000000009,1.1,1.0,shift_first,fixed_V_baseline,False,48,77.73674068665059,-0.5,1.8199999999999985,1.5543122344752192e-15,557.5744605348287,-557.5744605348287,6.227382675126942,-339.91859179763844,654.9276528947692,25.93063445642365,26.41559519823142,263.3269729399434,148.11520533664495,99.99935719216901,1.0,0.9999996932141961,0.0,0.999088948800398,0.999088948800398,0.9987289837369187,5.013602477621504e-09,0.9999999809800573,0.0003353501304664275
1.5,1.7249999999999999,100.0,0.1,0.35,0.7500000000000001,1.1,0.35,shift_first,fixed_V_baseline,False,59,3.381251158261869,-0.5,2.5000000000000027,-2.6645352591003757e-15,2751.382515936274,-2751.382515936274,134.23907408579325,-825.5379926318055,1603.5209935792777,33.370037243481036,72.21584049362303,990.3995131505947,1256.2446929463235,99.95075071719046,1.0,1.0,0.0,0.9999999992417439,0.9999999992417439,0.9992101340582635,4.539786870244589e-05,0.9998930302119844,0.0003353501304664275
1.5,1.7249999999999999,100.0,0.1,0.35,0.40000000000000013,1.1,0.7,shift_first,fixed_V_baseline,False,56,2.566653358628954,-0.5,2.5000000000000027,-2.6645352591003757e-15,4693.808367101547,-4693.808367101547,50.47241134544765,-1814.4882318228447,3427.086818263899,84.49187834764692,104.74402307000594,2237.0264947675164,1032.4508620786216,99.9747162640871,1.0,1.0,0.0,0.9999999992417439,0.9999999992417439,0.9975273768433652,6.144174602151775e-06,0.9999546021312975,0.0003353501304664275
1.5,1.7249999999999999,100.0,0.1,0.35,0.10000000000000009,1.1,1.0,shift_first,fixed_V_baseline,False,58,42.35284126089664,-0.5,2.5000000000000013,-1.3322676295501878e-15,3605.2717451528542,-3605.2717451528542,125.95572588308406,-2823.862123914408,5216.25963997372,245.5297676772493,163.3775353053364,1896.404233985624,347.33771272544124,99.975672146975,1.0,1.0,0.0,0.9999999992417439,0.9999999992417439,0.9975273768433652,1.1065241847241225e-06,0.999991823888527,0.0003353501304664275
1.5,1.7249999999999999,100.0,0.1,0.18,0.7500000000000001,1.1,0.35,shift_first,fixed_V_baseline,False,46,1.6192653300970998,-0.5,1.8199999999999985,1.5543122344752192e-15,3668.256169075271,-3668.256169075271,197.34758743329425,-2825.834907486302,5341.1532385763985,93.22201716728767,68.36900972072138,1893.9676314577032,434.32353271595576,99.99999123459745,1.0,1.0,0.0,0.9999999992417439,0.9999999992417439,0.9999990707516636,6.866227321711271e-06,0.9999999809800573,0.0003353501304664275
1.5,1.7249999999999999,100.0,0.1,0.18,0.40000000000000013,1.1,0.7,shift_first,fixed_V_baseline,False,47,28.000940580845224,-0.5,1.8199999999999985,1.5543122344752192e-15,3671.556070152614,-3671.556070152614,12.745216158233996,-2687.7095257736037,5324.438186914271,92.96278924628577,70.0022409744276,1931.599061563731,452.9267679102506,99.99999123459745,1.0,1.0,0.0,0.9999999992417439,0.9999999992417439,0.9999546021312975,1.4053940594616066e-07,0.9999999809800573,0.0003353501304664275
1.5,1.7249999999999999,100.0,0.1,0.18,0.10000000000000009,1.1,1.0,shift_first,fixed_V_baseline,False,47,29.501106063404208,-0.5,1.8199999999999985,1.5543122344752192e-15,3671.576643264252,-3671.576643264252,10.459641268020894,-2682.726422561349,5323.614280050615,92.94996600364347,70.00660141198861,1932.9862366743832,453.33665906344885,99.99999123459745,1.0,1.0,0.0,0.9999999992417439,0.9999999992417439,0.9987289837369187,5.013602477621504e-09,0.9999999809800573,0.0003353501304664275
1.5,1.7249999999999999,10000.0,0.3,0.35,0.7500000000000001,1.1,0.35,shift_first,fixed_V_baseline,False,58,9.95251230743325,-0.5,2.5000000000000027,-2.6645352591003757e-15,667.3160666903714,-667.3160666903714,21.587393029132873,-354.9778445767756,623.6061170370195,29.566802324701865,29.54211957424364,301.0141430987476,162.00000082604728,9981.217603827163,1.0,0.9999996932809454,0.0,0.999088948800398,0.999088948800398,0.9992101340582635,4.539786870244589e-05,0.9998930302119844,0.0003353501304664275
1.5,1.7249999999999999,10000.0,0.3,0.35,0.40000000000000013,1.1,0.7,shift_first,fixed_V_baseline,False,57,1598.8705727223278,-0.5,2.5000000000000027,-2.6645352591003757e-15,574.3637757185384,-574.3637757185384,15.6386533757651,-404.34816697565645,746.1417204482524,27.351699674386296,29.89872506940901,279.26531047775507,198.68612446374794,9981.421969539864,1.0,0.9999996930170536,0.0,0.999088948800398,0.999088948800398,0.9975273768433652,6.144174602151775e-06,0.9999546021312975,0.0003353501304664275
1.5,1.7249999999999999,10000.0,0.3,0.35,0.10000000000000009,1.1,1.0,shift_first,fixed_V_baseline,False,57,6591.705903902461,-0.5,2.5000000000000013,-1.3322676295501878e-15,674.9896980788748,-674.9896980788748,26.97712694400221,-366.3541265807833,699.2874413642962,56.558318625805335,60.44695318355937,280.2327071289239,188.1181803754657,9981.397190881404,1.0,0.9999996920023368,0.0,0.999088948800398,0.999088948800398,0.9975273768433652,1.1065241847241225e-06,0.999991823888527,0.0003353501304664275
1.5,1.7249999999999999,10000.0,0.3,0.18,0.7500000000000001,1.1,0.35,shift_first,fixed_V_baseline,False,46,47.38110382016967,-0.5,1.8199999999999985,1.5543122344752192e-15,693.7745672442147,-693.7745672442147,12.634184649380352,-362.14060368281065,685.1897483184066,29.321845228842204,30.718994663767713,310.71328474215215,197.5172519309178,9999.871438847005,1.0,0.9999996932141961,0.0,0.999088948800398,0.999088948800398,0.9999990707516636,6.866227321711271e-06,0.9999999809800573,0.0003353501304664275
1.5,1.7249999999999999,10000.0,0.3,0.18,0.40000000000000013,1.1,0.7,shift_first,fixed_V_baseline,False,48,20344.941612607683,-0.5,1.8199999999999985,1.5543122344752192e-15,694.6674921815012,-694.6674921815012,7.618746064572064,-357.09969581056,683.7244073628317,29.19020437973205,30.88297209695119,317.9061625136136,201.7312910699825,9999.871438847005,1.0,0.9999996932141961,0.0,0.999088948800398,0.999088948800398,0.9999546021312975,1.4053940594616066e-07,0.9999999809800573,0.0003353501304664275
1.5,1.7249999999999999,10000.0,0.3,0.18,0.10000000000000009,1.1,1.0,shift_first,fixed_V_baseline,False,48,40769.73018345481,-0.5,1.8199999999999985,1.5543122344752192e-15,694.6816249708887,-694.6816249708887,7.560349633944759,-356.9569898284032,683.6725811210274,29.18500285327423,30.884326988739492,318.16396977403224,201.88103063615412,9999.871438847005,1.0,0.9999996932141961,0.0,0.999088948800398,0.999088948800398,0.9987289837369187,5.013602477621504e-09,0.9999999809800573,0.0003353501304664275
1.5,1.7249999999999999,10000.0,0.1,0.35,0.7500000000000001,1.1,0.35,shift_first,fixed_V_baseline,False,59,21.575591661351005,-0.5,2.5000000000000027,-2.6645352591003757e-15,1596.8874168966,-1596.8874168966,160.78226890987705,-1512.8463390590898,2938.4753844857096,60.873237555984495,56.93185346018651,828.014752591306,763.5716538521924,9990.15256892995,1.0,1.0,0.0,0.9999999992417439,0.9999999992417439,0.9992101340582635,4.539786870244589e-05,0.9998930302119844,0.0003353501304664275
1.5,1.7249999999999999,10000.0,0.1,0.35,0.40000000000000013,1.1,0.7,shift_first,fixed_V_baseline,False,56,6.0362892195601985,-0.5,2.5000000000000027,-2.6645352591003757e-15,4785.427169079213,-4785.427169079213,5.817602947951656,-558.8212405660715,1094.3720693403363,23.89316655994851,112.55513833283315,1804.609190879832,1673.976413068188,9994.943892084722,1.0,1.0,0.0,0.9999999992417439,0.9999999992417439,0.9975273768433652,6.144174602151775e-06,0.9999546021312975,0.0003353501304664275
1.5,1.7249999999999999,10000.0,0.1,0.35,0.10000000000000009,1.1,1.0,shift_first,fixed_V_baseline,False,58,20348.95123245241,-0.5,2.5000000000000013,-1.3322676295501878e-15,5471.59637770109,-5471.59637770109,148.34373302430652,-3325.7685259575837,6058.162119817942,279.68628469829264,254.12240382938865,2506.1623614276955,927.6156453787904,9995.135021239434,1.0,1.0,0.0,0.9999999992417439,0.9999999992417439,0.9975273768433652,1.1065241847241225e-06,0.999991823888527,0.0003353501304664275
1.5,1.7249999999999999,10000.0,0.1,0.18,0.7500000000000001,1.1,0.35,shift_first,fixed_V_baseline,False,46,2.3209069643379285,-0.5,1.8199999999999985,1.5543122344752192e-15,5565.186594999891,-5565.186594999891,82.39746579421595,-2993.1334141181746,5656.676965059485,107.68544485420723,96.82311896348806,2522.2230748850643,931.051328649138,9999.998246919567,1.0,1.0,0.0,0.9999999992417439,0.9999999992417439,0.9999990707516636,6.866227321711271e-06,0.9999999809800573,0.0003353501304664275
1.5,1.7249999999999999,10000.0,0.1,0.18,0.40000000000000013,1.1,0.7,shift_first,fixed_V_baseline,False,47,1200.1291756614187,-0.5,1.8199999999999985,1.5543122344752192e-15,5570.921081657364,-5570.921081657364,13.72314053965042,-2844.749149282116,5634.6057364056305,107.34245268232915,97.04069442623205,2553.4330392086044,939.0789536038766,9999.998246919567,1.0,1.0,0.0,0.9999999992417439,0.9999999992417439,0.9999546021312975,1.4053940594616066e-07,0.9999999809800573,0.0003353501304664275
1.5,1.7249999999999999,10000.0,0.1,0.18,0.10000000000000009,1.1,1.0,shift_first,fixed_V_baseline,False,47,1264.426743049953,-0.5,1.8199999999999985,1.5543122344752192e-15,5570.959294942462,-5570.959294942462,11.304046653297986,-2839.335947485199,5633.455708357207,107.32458665308012,97.04162399022503,2554.55912952867,939.382452915004,9999.998246919567,1.0,1.0,0.0,0.9999999992417439,0.9999999992417439,0.9987289837369187,5.013602477621504e-09,0.9999999809800573,0.0003353501304664275
2.0,2.3,100.0,0.3,0.35,0.7500000000000001,1.1,0.35,shift_first,fixed_V_baseline,False,59,20.252596579489577,-1.0,2.5,0.0,450.15451213183985,-450.15451213183985,38.64091031179194,-369.38543182062153,627.0742295742695,17.142116825933325,18.021116306470866,242.8202299711009,153.12152517272912,99.90604388037373,1.0,0.9999996932809454,0.0,0.999088948800398,0.999088948800398,0.9992101340582635,4.539786870244589e-05,0.9998930302119844,0.0003353501304664275
2.0,2.3,100.0,0.3,0.35,0.40000000000000013,1.1,0.7,shift_first,fixed_V_baseline,False,57,147.9670413983896,-1.0,2.5,0.0,536.2023436868112,-536.2023436868112,15.332529389366508,-310.08839731676716,558.8466770760683,18.473708448542002,18.67628410188943,277.7769617112261,136.05237315926118,99.90706666467534,1.0,0.9999996930170536,0.0,0.999088948800398,0.999088948800398,0.9975273768433652,6.144174602207286e-06,0.9999546021312975,0.0003353501304664275
2.0,2.3,100.0,0.3,0.35,0.10000000000000009,1.1,1.0,shift_first,fixed_V_baseline,False,59,248.73771971764563,-1.0,2.5,0.0,553.1049982225721,-553.1049982225721,64.1722856966144,-361.900525855292,574.8920104775345,39.36147226328742,36.825022009037184,291.00024414994823,145.28802943589548,99.9069426560607,1.0,0.9999996920023368,0.0,0.999088948800398,0.999088948800398,0.9975273768433652,1.1065241847241225e-06,0.999991823888527,0.0003353501304664275
2.0,2.3,100.0,0.3,0.18,0.7500000000000001,1.1,0.35,shift_first,fixed_V_baseline,False,47,16.60556694445114,-1.0,1.82,0.0,550.2805305069296,-550.2805305069296,30.267282175253218,-358.2607717570934,648.8453407725286,19.21453143812125,19.324490716872866,258.1281504456646,147.25210057886034,99.99935719216901,1.0,0.9999996932141961,0.0,0.999088948800398,0.999088948800398,0.9999990707516636,6.866227321711271e-06,0.9999999809800573,0.0003353501304664275
2.0,2.3,100.0,0.3,0.18,0.40000000000000013,1.1,0.7,shift_first,fixed_V_baseline,False,48,398.12074385462074,-1.0,1.82,0.0,557.4563186084815,-557.4563186084815,8.316414336898374,-336.55343207757835,639.8412068075633,18.78421772561941,19.80716190316675,287.8196784417009,156.92262921507515,99.99935719216901,1.0,0.9999996932141961,0.0,0.999088948800398,0.999088948800398,0.9999546021312975,1.4053940594616066e-07,0.9999999809800573,0.0003353501304664275
2.0,2.3,100.0,0.3,0.18,0.10000000000000009,1.1,1.0,shift_first,fixed_V_baseline,False,48,467.35539899125206,-1.0,1.82,0.0,557.5192495570714,-557.5192495570714,8.0656062651454,-335.87309688693915,639.4837687132967,18.764599695490652,19.810116494749952,288.8295588283616,157.2674204315475,99.99935719216901,1.0,0.9999996932141961,0.0,0.999088948800398,0.999088948800398,0.9987289837369187,5.013602477621504e-09,0.9999999809800573,0.0003353501304664275
2.0,2.3,100.0,0.1,0.35,0.7500000000000001,1.1,0.35,shift_first,fixed_V_baseline,False,59,11.216381535169987,-1.0,2.5,0.0,2662.9624242953946,-2662.9624242953946,198.525316400351,-831.8988016153869,1600.6139021591696,24.983807143984755,52.83484509411929,1062.7613551456664,1300.0149272637645,99.95075071719046,1.0,1.0,0.0,0.9999999992417439,0.9999999992417439,0.9992101340582635,4.539786870244589e-05,0.9998930302119844,0.0003353501304664275
2.0,2.3,100.0,0.1,0.35,0.40000000000000013,1.1,0.7,shift_first,fixed_V_baseline,False,56,6.444223241598388,-1.0,2.5,0.0,4691.193279655161,-4691.193279655161,61.56299067820526,-1722.7449397017126,3199.237916690604,59.774094169733125,78.51681284300044,2423.5390445415487,1088.323868503583,99.9747162640871,1.0,1.0,0.0,0.9999999992417439,0.9999999992417439,0.9975273768433652,6.144174602207286e-06,0.9999546021312975,0.0003353501304664275
2.0,2.3,100.0,0.1,0.35,0.10000000000000009,1.1,1.0,shift_first,fixed_V_baseline,False,58,381.78216840988875,-1.0,2.5,0.0,3605.1489552257485,-3605.1489552257485,164.32936189735793,-2874.197123913991,5136.648990797694,181.86233551717038,122.40959584457106,2025.5059300254272,367.19292207862554,99.97567214697509,1.0,1.0,0.0,0.9999999992417439,0.9999999992417439,0.9975273768433652,1.1065241847241225e-06,0.999991823888527,0.0003353501304664275
2.0,2.3,100.0,0.1,0.18,0.7500000000000001,1.1,0.35,shift_first,fixed_V_baseline,False,47,23.76121497065749,-1.0,1.82,0.0,3665.7949418607636,-3665.7949418607636,249.00690551967523,-2838.2536196975957,5273.104981032946,69.12147512727816,50.765316645359114,1997.5225736590914,454.2063806758288,99.99999123459745,1.0,1.0,0.0,0.9999999992417439,0.9999999992417439,0.9999990707516636,6.866227321711271e-06,0.9999999809800573,0.0003353501304664275
2.0,2.3,100.0,0.1,0.18,0.40000000000000013,1.1,0.7,shift_first,fixed_V_baseline,False,47,84.09958275770515,-1.0,1.82,0.0,3671.5309789530065,-3671.5309789530065,16.565051210425537,-2655.210787692222,5244.161370542741,68.78483180397441,52.50005011463564,2062.766332013989,478.13794166037945,99.99999123459745,1.0,1.0,0.0,0.9999999992417439,0.9999999992417439,0.9999546021312975,1.4053940594616066e-07,0.9999999809800573,0.0003353501304664275
2.0,2.3,100.0,0.1,0.18,0.10000000000000009,1.1,1.0,shift_first,fixed_V_baseline,False,47,86.76654361558732,-1.0,1.82,0.0,3671.5667400648363,-3671.5667400648363,13.59604395232498,-2648.557181820629,5242.730187831958,68.76815211280356,52.50472703746558,2065.176578553678,478.7081744170066,99.99999123459745,1.0,1.0,0.0,0.9999999992417439,0.9999999992417439,0.9987289837369187,5.013602477621504e-09,0.9999999809800573,0.0003353501304664275
2.0,2.3,10000.0,0.3,0.35,0.7500000000000001,1.1,0.35,shift_first,fixed_V_baseline,False,59,510.8533818578203,-1.0,2.5,0.0,665.4219651587146,-665.4219651587146,27.819085154798035,-359.7452688776909,608.2141971361896,21.875272380258842,21.99722796371757,310.0838259615097,164.66385504378505,9981.217603827163,1.0,0.9999996932809454,0.0,0.999088948800398,0.999088948800398,0.9992101340582635,4.539786870244589e-05,0.9998930302119844,0.0003353501304664275
2.0,2.3,10000.0,0.3,0.35,0.40000000000000013,1.1,0.7,shift_first,fixed_V_baseline,False,57,26850.013373423048,-1.0,2.5,0.0,574.0762589361382,-574.0762589361382,20.474981290825045,-408.27462416757146,734.6493231718426,20.29302523105934,22.396905506010633,289.9210206959693,204.65649102821936,9981.421969539882,1.0,0.9999996930170536,0.0,0.999088948800398,0.999088948800398,0.9975273768433652,6.144174602207286e-06,0.9999546021312975,0.0003353501304664275
2.0,2.3,10000.0,0.3,0.35,0.10000000000000009,1.1,1.0,shift_first,fixed_V_baseline,False,59,288242.75241663493,-1.0,2.5,0.0,667.0212866407265,-667.0212866407265,34.84587903665127,-369.9674804826122,695.8190388940632,41.43095443793959,44.98119618126437,295.05461478080423,190.17039580181861,9981.397190881404,1.0,0.9999996920023368,0.0,0.999088948800398,0.999088948800398,0.9975273768433652,1.1065241847241225e-06,0.999991823888527,0.0003353501304664275
2.0,2.3,10000.0,0.3,0.18,0.7500000000000001,1.1,0.35,shift_first,fixed_V_baseline,False,47,991.8912297600491,-1.0,1.82,0.0,693.0277717948055,-693.0277717948055,16.24560684634087,-364.88340060710703,678.1614171510532,21.67430756910099,22.961698504027314,320.32471491460615,201.26673507513692,9999.871438847005,1.0,0.9999996932141961,0.0,0.999088948800398,0.999088948800398,0.9999990707516636,6.866227321711271e-06,0.9999999809800573,0.0003353501304664275
2.0,2.3,10000.0,0.3,0.18,0.40000000000000013,1.1,0.7,shift_first,fixed_V_baseline,False,48,208797.9913232437,-1.0,1.82,0.0,694.5756625927852,-694.5756625927852,10.057321053888396,-357.9056750582591,675.5820659009646,21.502972090131138,23.159103254127288,332.77275708240467,208.23960839561434,9999.871438847005,1.0,0.9999996932141961,0.0,0.999088948800398,0.999088948800398,0.9999546021312975,1.4053940594616066e-07,0.9999999809800573,0.0003353501304664275
2.0,2.3,10000.0,0.3,0.18,0.10000000000000009,1.1,1.0,shift_first,fixed_V_baseline,False,48,245108.72656030243,-1.0,1.82,0.0,694.6001618689605,-694.6001618689605,9.980221817619073,-357.70585157528916,675.490815880102,21.49619697728207,23.160764989406438,333.2193506632323,208.48866056282054,9999.871438847005,1.0,0.9999996932141961,0.0,0.999088948800398,0.999088948800398,0.9987289837369187,5.013602477621504e-09,0.9999999809800573,0.0003353501304664275
2.0,2.3,10000.0,0.1,0.35,0.7500000000000001,1.1,0.35,shift_first,fixed_V_baseline,False,59,71.57116008061817,-1.0,2.5,0.0,1596.7818803097114,-1596.7818803097114,211.622921370749,-1524.2403737999011,2932.611021581587,45.566602417279135,42.03117712779565,851.6713348905679,777.3404256714856,9990.15256892995,1.0,1.0,0.0,0.9999999992417439,0.9999999992417439,0.9992101340582635,4.539786870244589e-05,0.9998930302119844,0.0003353501304664275
2.0,2.3,10000.0,0.1,0.35,0.40000000000000013,1.1,0.7,shift_first,fixed_V_baseline,False,56,15.15560921030665,-1.0,2.5,0.0,4782.071031765915,-4782.071031765915,7.748040426791288,-562.2313746428227,1093.4705875784803,17.905590359803693,84.36345115833323,1907.6403540912966,1721.7384336712364,9994.943892084722,1.0,1.0,0.0,0.9999999992417439,0.9999999992417439,0.9975273768433652,6.144174602207286e-06,0.9999546021312975,0.0003353501304664275
2.0,2.3,10000.0,0.1,0.35,0.10000000000000009,1.1,1.0,shift_first,fixed_V_baseline,False,58,183432.00822196552,-1.0,2.5,0.0,5471.307638799869,-5471.307638799869,192.91811805298306,-3374.1894873697916,5976.7065025276515,206.41747475316808,190.37206558947884,2610.360307659835,955.6261156582328,9995.13502123945,1.0,1.0,0.0,0.9999999992417439,0.9999999992417439,0.9975273768433652,1.1065241847241225e-06,0.999991823888527,0.0003353501304664275
2.0,2.3,10000.0,0.1,0.18,0.7500000000000001,1.1,0.35,shift_first,fixed_V_baseline,False,47,1018.4131941250762,-1.0,1.82,0.0,5560.897721267927,-5560.897721267927,106.52407136499872,-2992.8067042229222,5559.517122985848,79.6242945718274,72.52822763209606,2605.138371239105,953.4674806454811,9999.998246919567,1.0,1.0,0.0,0.9999999992417439,0.9999999992417439,0.9999990707516636,6.866227321711271e-06,0.9999999809800573,0.0003353501304664275
2.0,2.3,10000.0,0.1,0.18,0.40000000000000013,1.1,0.7,shift_first,fixed_V_baseline,False,47,3604.5347347190254,-1.0,1.82,0.0,5570.8656649732975,-5570.8656649732975,17.75930810310141,-2796.172986977239,5521.308741542072,79.17891512806315,72.77976112170151,2659.251304073361,967.3822546468157,9999.998246919567,1.0,1.0,0.0,0.9999999992417439,0.9999999992417439,0.9999546021312975,1.4053940594616066e-07,0.9999999809800573,0.0003353501304664275
2.0,2.3,10000.0,0.1,0.18,0.10000000000000009,1.1,1.0,shift_first,fixed_V_baseline,False,47,3718.8415211874944,-1.0,1.82,0.0,5570.932089031354,-5570.932089031354,14.632516608108121,-2788.9205692862156,5519.311072139999,79.15563706479293,72.78088905300291,2661.2078534906464,967.909470533783,9999.998246919567,1.0,1.0,0.0,0.9999999992417439,0.9999999992417439,0.9987289837369187,5.013602477621504e-09,0.9999999809800573,0.0003353501304664275
